,postcode,INCP_LOW,INCP_MID,INCP_HIGH,INCP_NEG_NIL,CPRF_2,CPRF_3,CPRF_4,CPRF_5,CPRF_6+,CPRF_na,CPRF_HHOLD_NO,0-4yo,5-14yo,15-24yo,25-34yo,35-54yo,55-64yo,65+yo,population_2016,citizen_AU,citizen_non_AU,YARRP <1975,YARRP 1976-1995,YARRP 1996-2005,YARRP 2006-2016,ATSI
0,2000,9307,5319,3929,3501,3453.0,857.0,354.0,54.0,21.0,8125.0,12861.0,698.0,552.0,5831.0,10676.0,6298.0,1670.0,1692.0,27411.0,8691.0,14662.0,525.0,1590.0,2175.0,13023.0,53.0
1,2006,747,32,18,276,0.0,0.0,0.0,0.0,5.0,13.0,18.0,0.0,18.0,1135.0,52.0,26.0,13.0,11.0,1261.0,991.0,104.0,0.0,11.0,92.0,160.0,16.0
2,2007,2803,1458,718,2410,830.0,215.0,98.0,25.0,4.0,2524.0,3696.0,198.0,174.0,3441.0,2850.0,1470.0,333.0,380.0,8846.0,2726.0,5033.0,109.0,479.0,593.0,4517.0,58.0
3,2008,3321,2496,1352,2779,1308.0,243.0,105.0,17.0,7.0,3813.0,5493.0,208.0,196.0,4584.0,4028.0,1862.0,470.0,370.0,11712.0,4358.0,5962.0,155.0,541.0,607.0,5527.0,77.0
4,2009,2896,3232,3205,1040,2107.0,635.0,298.0,56.0,8.0,3321.0,6421.0,606.0,586.0,1431.0,4086.0,3716.0,1227.0,1150.0,12813.0,7407.0,4142.0,430.0,1201.0,1097.0,3730.0,125.0
5,2010,6385,7429,7142,1303,4253.0,666.0,324.0,70.0,10.0,9605.0,14926.0,689.0,661.0,2608.0,9925.0,8944.0,2435.0,2465.0,27733.0,16751.0,6773.0,1030.0,2203.0,1784.0,6278.0,235.0
6,2011,3871,5715,5332,816,2997.0,398.0,166.0,25.0,3.0,7990.0,11587.0,393.0,391.0,2314.0,7029.0,6324.0,2144.0,2583.0,21199.0,12478.0,4032.0,899.0,1467.0,1039.0,3643.0,232.0
7,2015,1831,3261,2443,451,1644.0,453.0,307.0,54.0,9.0,2458.0,4925.0,553.0,562.0,966.0,3295.0,3289.0,740.0,532.0,9922.0,7401.0,1597.0,238.0,851.0,650.0,1451.0,209.0
8,2016,3823,3606,2526,769,1850.0,403.0,253.0,53.0,7.0,4389.0,6950.0,467.0,451.0,1444.0,4059.0,3881.0,1304.0,1610.0,13213.0,9052.0,2603.0,639.0,1303.0,865.0,2358.0,287.0
9,2017,6108,6200,4036,3719,3804.0,978.0,401.0,73.0,16.0,7693.0,12965.0,1034.0,795.0,5360.0,8569.0,5435.0,1548.0,1952.0,24694.0,12363.0,9447.0,600.0,1953.0,1929.0,8812.0,520.0
10,2018,5607,4021,1654,1914,2021.0,1016.0,901.0,293.0,75.0,3027.0,7337.0,998.0,1597.0,2570.0,3506.0,4479.0,1524.0,2357.0,17028.0,12151.0,3674.0,1534.0,2096.0,1424.0,3317.0,170.0
11,2019,2739,2814,1419,756,1100.0,707.0,745.0,251.0,57.0,1378.0,4232.0,807.0,1423.0,1248.0,1616.0,3401.0,1040.0,1284.0,10840.0,8942.0,1138.0,618.0,925.0,668.0,927.0,292.0
12,2020,4182,4066,1863,1683,1841.0,885.0,720.0,205.0,57.0,2568.0,6277.0,860.0,1094.0,2394.0,4069.0,3840.0,1196.0,1298.0,14771.0,9538.0,4236.0,849.0,1506.0,1378.0,3685.0,180.0
13,2021,2674,3832,4485,792,2028.0,691.0,579.0,150.0,29.0,3926.0,7412.0,806.0,1198.0,1451.0,3820.0,4674.0,1402.0,1958.0,15312.0,11630.0,2000.0,815.0,1106.0,768.0,1885.0,51.0
14,2022,2837,2934,2652,766,1527.0,597.0,531.0,156.0,40.0,2810.0,5663.0,739.0,1096.0,1240.0,2824.0,3573.0,1143.0,1881.0,12510.0,8378.0,2536.0,816.0,1064.0,769.0,2402.0,57.0
15,2023,1757,2264,2966,933,1257.0,535.0,540.0,281.0,57.0,1818.0,4483.0,574.0,1364.0,1293.0,1730.0,2985.0,1157.0,1616.0,10719.0,8561.0,1260.0,724.0,904.0,637.0,1274.0,38.0
16,2024,2197,2409,2568,663,1220.0,577.0,576.0,220.0,39.0,1953.0,4584.0,695.0,1331.0,968.0,1831.0,3487.0,1016.0,1740.0,11073.0,8611.0,1360.0,687.0,779.0,562.0,1325.0,53.0
17,2025,1307,1628,2136,451,1011.0,383.0,330.0,90.0,13.0,1656.0,3475.0,422.0,674.0,616.0,1287.0,2015.0,792.0,1598.0,7407.0,5757.0,810.0,493.0,575.0,373.0,768.0,15.0
18,2026,6717,8196,7470,1552,3956.0,1467.0,1277.0,391.0,90.0,8004.0,15192.0,1936.0,2733.0,2829.0,9675.0,9740.0,2323.0,3250.0,32489.0,21905.0,6562.0,1571.0,2484.0,1890.0,6339.0,122.0
19,2027,1231,1815,2666,470,1295.0,385.0,231.0,55.0,28.0,2259.0,4253.0,325.0,573.0,619.0,1505.0,2008.0,1017.0,2146.0,8191.0,6164.0,936.0,680.0,639.0,405.0,843.0,29.0
20,2028,782,1113,1425,281,704.0,208.0,153.0,58.0,5.0,1180.0,2311.0,221.0,310.0,399.0,1079.0,1116.0,503.0,1012.0,4643.0,3502.0,623.0,353.0,360.0,234.0,569.0,12.0
21,2029,1988,2342,2303,718,1269.0,563.0,517.0,217.0,29.0,1711.0,4304.0,609.0,1185.0,982.0,1575.0,2908.0,922.0,1767.0,9957.0,7969.0,1159.0,691.0,1029.0,861.0,1168.0,34.0
22,2030,2694,2631,3446,1416,1407.0,772.0,926.0,470.0,116.0,1654.0,5350.0,811.0,2173.0,1850.0,1243.0,4037.0,1700.0,2266.0,14080.0,11906.0,1224.0,1079.0,1519.0,1184.0,1338.0,42.0
23,2031,7604,8990,7305,2363,4276.0,1872.0,1684.0,471.0,84.0,6624.0,15007.0,2184.0,3329.0,3994.0,7716.0,10215.0,3103.0,4199.0,34729.0,25490.0,6274.0,1849.0,2687.0,2194.0,6171.0,190.0
24,2032,5373,3181,1601,3572,1652.0,736.0,688.0,229.0,47.0,3601.0,6952.0,622.0,1276.0,4827.0,3246.0,3416.0,1294.0,2019.0,16692.0,9498.0,6207.0,1075.0,1303.0,1016.0,5680.0,179.0
25,2033,3151,2747,1692,1586,1356.0,531.0,449.0,155.0,37.0,2380.0,4909.0,540.0,925.0,2480.0,2643.0,2752.0,827.0,1400.0,11573.0,7471.0,3164.0,618.0,954.0,782.0,2864.0,64.0
26,2034,4470,5250,4713,1052,2428.0,1073.0,995.0,299.0,61.0,4536.0,9389.0,1269.0,1979.0,2039.0,4667.0,6326.0,1959.0,2476.0,20716.0,15370.0,3265.0,1023.0,1495.0,1098.0,3304.0,202.0
27,2035,10170,7941,4928,3408,3938.0,1916.0,2036.0,690.0,160.0,5786.0,14520.0,1944.0,3756.0,4698.0,5369.0,9496.0,3585.0,5631.0,34496.0,26097.0,6111.0,2741.0,3393.0,2412.0,5260.0,423.0
28,2036,8999,6556,3206,2454,3018.0,1767.0,1813.0,658.0,171.0,4287.0,11710.0,1694.0,3423.0,3796.0,4160.0,8838.0,3491.0,5003.0,30411.0,23043.0,3482.0,2107.0,2991.0,1792.0,2939.0,1287.0
29,2037,4585,3889,2985,1382,2153.0,688.0,458.0,102.0,19.0,4552.0,7965.0,632.0,920.0,2715.0,4069.0,4145.0,1708.0,1921.0,16119.0,11299.0,3074.0,700.0,1282.0,831.0,2845.0,309.0
30,2038,2128,2171,2324,548,1125.0,491.0,502.0,112.0,22.0,1885.0,4125.0,626.0,945.0,992.0,1687.0,3147.0,1008.0,1047.0,9452.0,7746.0,924.0,532.0,644.0,427.0,769.0,93.0
31,2039,1478,1938,2664,426,1269.0,472.0,486.0,101.0,10.0,1608.0,3951.0,628.0,883.0,628.0,1585.0,3129.0,975.0,889.0,8726.0,6866.0,1034.0,418.0,649.0,499.0,969.0,61.0
32,2040,5181,4917,4864,1151,2443.0,1381.0,1361.0,319.0,47.0,3805.0,9359.0,1836.0,2630.0,1965.0,3407.0,7615.0,2183.0,2603.0,22242.0,18405.0,2114.0,1576.0,1612.0,1047.0,1689.0,302.0
33,2041,3060,3170,4606,814,2062.0,858.0,841.0,238.0,44.0,3146.0,7182.0,1036.0,1698.0,1186.0,2189.0,5326.0,1999.0,2248.0,15687.0,12511.0,1690.0,861.0,1178.0,849.0,1511.0,113.0
34,2042,4818,5696,3729,1078,2511.0,756.0,585.0,110.0,25.0,5013.0,9007.0,821.0,1107.0,2636.0,5785.0,5906.0,1552.0,1317.0,19128.0,14236.0,2888.0,807.0,1351.0,966.0,2616.0,223.0
35,2043,1376,2519,2183,332,1372.0,366.0,255.0,32.0,4.0,1908.0,3936.0,423.0,467.0,714.0,2568.0,2862.0,602.0,393.0,8014.0,5969.0,1254.0,234.0,661.0,480.0,1148.0,94.0
36,2044,2244,2196,1219,468,965.0,449.0,392.0,94.0,36.0,1409.0,3338.0,483.0,687.0,895.0,1693.0,2509.0,778.0,786.0,7840.0,6313.0,950.0,580.0,772.0,398.0,784.0,137.0
37,2045,1935,1291,1152,510,658.0,369.0,487.0,188.0,34.0,670.0,2400.0,293.0,914.0,738.0,558.0,1882.0,805.0,1268.0,6453.0,5671.0,488.0,1054.0,333.0,159.0,246.0,43.0
38,2046,7402,5988,5123,1724,3323.0,1722.0,1699.0,478.0,87.0,4022.0,11339.0,1729.0,3060.0,2372.0,3422.0,8369.0,3138.0,4729.0,26822.0,22862.0,2196.0,2984.0,2059.0,1177.0,1622.0,163.0
39,2047,2585,2837,2872,699,1591.0,650.0,608.0,184.0,35.0,2228.0,5298.0,725.0,1182.0,990.0,2010.0,3569.0,1315.0,2152.0,11950.0,9774.0,1138.0,932.0,876.0,496.0,954.0,37.0
40,2048,1965,2212,1537,398,1011.0,371.0,316.0,99.0,21.0,1723.0,3534.0,417.0,700.0,887.0,1950.0,2449.0,660.0,884.0,7940.0,6433.0,738.0,524.0,589.0,370.0,596.0,69.0
41,2049,3026,2961,2061,651,1396.0,586.0,493.0,120.0,34.0,2418.0,5044.0,567.0,974.0,1282.0,2545.0,3552.0,1138.0,1230.0,11278.0,9035.0,1193.0,714.0,928.0,509.0,956.0,193.0
42,2050,2007,2389,2053,1023,1365.0,284.0,175.0,38.0,0.0,3243.0,5116.0,344.0,338.0,1751.0,2840.0,2574.0,602.0,532.0,8967.0,5851.0,2254.0,249.0,607.0,587.0,2135.0,74.0
43,2052,1482,201,40,1441,78.0,14.0,0.0,0.0,0.0,460.0,547.0,11.0,4.0,2831.0,453.0,90.0,24.0,15.0,3428.0,1319.0,1860.0,4.0,26.0,161.0,1887.0,57.0
44,2060,2573,3686,4167,898,2332.0,691.0,369.0,110.0,19.0,3666.0,7188.0,587.0,834.0,1301.0,3642.0,3997.0,1488.0,2125.0,13987.0,9945.0,2693.0,684.0,1173.0,852.0,2675.0,50.0
45,2061,1056,1426,2072,325,1122.0,252.0,132.0,22.0,7.0,1851.0,3390.0,212.0,231.0,415.0,1424.0,1654.0,823.0,1195.0,5943.0,4098.0,1204.0,361.0,613.0,393.0,1098.0,23.0
46,2062,1271,1659,2032,384,987.0,416.0,377.0,90.0,17.0,1400.0,3281.0,540.0,741.0,496.0,1264.0,2287.0,765.0,910.0,7004.0,5777.0,793.0,389.0,592.0,426.0,737.0,26.0
47,2063,1323,1142,1654,525,625.0,317.0,470.0,258.0,39.0,531.0,2239.0,356.0,1071.0,716.0,433.0,1876.0,730.0,1170.0,6348.0,5546.0,510.0,411.0,581.0,293.0,476.0,11.0
48,2064,2227,2230,1943,791,1100.0,702.0,567.0,144.0,31.0,1567.0,4104.0,627.0,1203.0,930.0,1950.0,2973.0,872.0,975.0,9525.0,6788.0,2165.0,365.0,1012.0,974.0,2116.0,14.0
49,2065,5508,7697,8567,1869,4476.0,1739.0,1377.0,342.0,54.0,6238.0,14230.0,2070.0,2325.0,2542.0,7294.0,9405.0,2897.0,3584.0,30116.0,22567.0,5336.0,1312.0,2923.0,2390.0,5064.0,74.0
50,2066,6684,7353,7324,2558,3763.0,1957.0,1951.0,682.0,140.0,4613.0,13111.0,2156.0,3931.0,3424.0,5329.0,9267.0,3203.0,4312.0,31625.0,25627.0,4391.0,1735.0,2931.0,2126.0,4336.0,116.0
51,2067,6903,5529,4295,3923,3113.0,1835.0,1519.0,398.0,67.0,4218.0,11153.0,1652.0,2678.0,3641.0,5104.0,7427.0,2438.0,3450.0,26404.0,16185.0,8675.0,1153.0,3247.0,3117.0,7940.0,40.0
52,2068,3793,3011,3903,1359,1585.0,1013.0,1366.0,481.0,98.0,1729.0,6266.0,1183.0,2731.0,1780.0,1407.0,5394.0,1861.0,2456.0,16811.0,14300.0,1718.0,1200.0,1602.0,1104.0,1438.0,32.0
53,2069,3130,2711,3236,1373,1406.0,781.0,1110.0,500.0,89.0,1253.0,5134.0,796.0,2273.0,1806.0,1313.0,4135.0,1635.0,2295.0,14251.0,11995.0,1631.0,895.0,1523.0,939.0,1438.0,15.0
54,2070,3200,2577,3018,1371,1301.0,789.0,1057.0,434.0,88.0,1378.0,5052.0,723.0,2101.0,1785.0,1211.0,3845.0,1566.0,2269.0,13504.0,11339.0,1612.0,720.0,1655.0,1164.0,1545.0,16.0
55,2071,3132,2626,2884,1709,1393.0,858.0,1040.0,397.0,101.0,1275.0,5055.0,622.0,1935.0,2071.0,1233.0,3814.0,1557.0,2309.0,13550.0,10883.0,2123.0,737.0,1799.0,1386.0,2073.0,12.0
56,2072,1851,1466,1530,944,828.0,521.0,555.0,192.0,37.0,782.0,2913.0,358.0,1021.0,1095.0,838.0,2191.0,938.0,1223.0,7666.0,5883.0,1384.0,362.0,926.0,826.0,1439.0,21.0
57,2073,3710,2905,3859,1659,1496.0,1004.0,1358.0,544.0,137.0,1214.0,5753.0,925.0,2706.0,2265.0,1271.0,4920.0,1848.0,2414.0,16354.0,13853.0,1898.0,796.0,1866.0,1429.0,1714.0,28.0
58,2074,5649,4207,4843,2049,2382.0,1230.0,1690.0,652.0,137.0,2154.0,8243.0,1078.0,3236.0,2743.0,1521.0,6128.0,2498.0,5039.0,22261.0,18984.0,2091.0,1452.0,2028.0,1651.0,2125.0,42.0
59,2075,4931,4063,4307,2047,2232.0,1271.0,1661.0,623.0,127.0,1729.0,7638.0,1164.0,3115.0,2406.0,1554.0,5902.0,2320.0,3994.0,20456.0,16960.0,2746.0,1195.0,2453.0,2293.0,3017.0,29.0
60,2076,6318,4710,4902,2436,2462.0,1371.0,1809.0,684.0,211.0,2243.0,8785.0,1252.0,3651.0,3529.0,1958.0,6856.0,2827.0,4577.0,24653.0,21053.0,2393.0,1342.0,2400.0,2067.0,2451.0,115.0
61,2077,10961,8914,5069,3679,4336.0,2836.0,2438.0,738.0,158.0,5014.0,15518.0,2727.0,4678.0,3898.0,6080.0,11617.0,3867.0,4929.0,37792.0,27953.0,8148.0,1592.0,3544.0,3893.0,8387.0,169.0
62,2079,2092,1712,1063,539,691.0,498.0,576.0,204.0,59.0,480.0,2500.0,420.0,1051.0,907.0,735.0,2136.0,1005.0,831.0,7096.0,6402.0,471.0,356.0,652.0,473.0,386.0,61.0
63,2080,519,379,221,139,170.0,106.0,125.0,51.0,19.0,147.0,610.0,106.0,255.0,213.0,137.0,516.0,223.0,245.0,1704.0,1526.0,102.0,88.0,132.0,88.0,100.0,35.0
64,2081,1566,1230,832,397,498.0,339.0,420.0,173.0,59.0,378.0,1868.0,350.0,818.0,723.0,477.0,1677.0,660.0,670.0,5365.0,4875.0,319.0,270.0,408.0,253.0,283.0,42.0
65,2082,1601,1280,728,349,533.0,369.0,431.0,164.0,43.0,391.0,1926.0,388.0,857.0,583.0,419.0,1714.0,650.0,784.0,5399.0,4878.0,302.0,276.0,295.0,239.0,221.0,39.0
66,2083,510,375,199,109,236.0,64.0,73.0,28.0,12.0,273.0,688.0,54.0,161.0,154.0,114.0,430.0,279.0,320.0,1514.0,1319.0,102.0,93.0,107.0,55.0,57.0,13.0
67,2084,1027,786,577,284,374.0,186.0,262.0,113.0,36.0,273.0,1248.0,181.0,525.0,449.0,259.0,1060.0,449.0,689.0,3625.0,3202.0,212.0,230.0,242.0,157.0,141.0,20.0
68,2085,3583,2393,1867,789,1218.0,619.0,892.0,365.0,72.0,1094.0,4255.0,584.0,1703.0,1351.0,686.0,3202.0,1184.0,2917.0,11624.0,10241.0,870.0,894.0,840.0,683.0,747.0,35.0
69,2086,3625,2878,2279,1019,1219.0,771.0,1206.0,441.0,104.0,898.0,4630.0,886.0,2262.0,1657.0,961.0,4202.0,1378.0,2051.0,13417.0,11908.0,1034.0,808.0,1071.0,906.0,928.0,60.0
70,2087,3717,2363,2265,1008,1196.0,684.0,1072.0,428.0,90.0,1125.0,4601.0,686.0,2264.0,1499.0,775.0,3877.0,1277.0,2423.0,12796.0,11247.0,1102.0,957.0,1207.0,823.0,1006.0,42.0
71,2088,5306,5753,8076,2208,3612.0,1540.0,1613.0,624.0,137.0,4903.0,12426.0,1488.0,3521.0,2853.0,3410.0,8355.0,3390.0,5452.0,28476.0,22659.0,3586.0,1681.0,2163.0,1761.0,3693.0,59.0
72,2089,2092,3185,3477,613,1878.0,619.0,402.0,87.0,17.0,2990.0,5998.0,653.0,846.0,899.0,2974.0,3720.0,1173.0,1644.0,11914.0,8893.0,1911.0,536.0,987.0,837.0,1842.0,33.0
73,2090,2624,3339,3983,779,2078.0,746.0,625.0,138.0,31.0,3130.0,6748.0,853.0,1153.0,984.0,2740.0,4162.0,1573.0,2252.0,13726.0,10536.0,2103.0,761.0,1242.0,954.0,1946.0,23.0
74,2092,1587,1248,1698,556,591.0,387.0,637.0,261.0,55.0,526.0,2450.0,475.0,1338.0,858.0,449.0,2310.0,806.0,908.0,7137.0,6140.0,712.0,398.0,529.0,543.0,747.0,29.0
75,2093,5222,4764,4756,1560,2289.0,1362.0,1731.0,631.0,108.0,2668.0,8794.0,1662.0,3633.0,2273.0,2485.0,7402.0,2341.0,3077.0,22872.0,19001.0,2558.0,1150.0,1513.0,1681.0,2607.0,78.0
76,2094,1174,1430,1572,310,834.0,347.0,338.0,93.0,11.0,912.0,2538.0,404.0,626.0,450.0,1030.0,1800.0,647.0,876.0,5841.0,4738.0,748.0,295.0,330.0,377.0,799.0,20.0
77,2095,3156,3846,4365,887,2385.0,725.0,629.0,195.0,27.0,3539.0,7506.0,855.0,1199.0,1353.0,3831.0,4754.0,1542.0,2322.0,15863.0,10791.0,3559.0,708.0,821.0,963.0,3587.0,70.0
78,2096,3136,3752,3122,753,1849.0,800.0,855.0,306.0,70.0,2270.0,6140.0,1029.0,1840.0,1344.0,2790.0,4775.0,1380.0,1492.0,14656.0,11627.0,1897.0,601.0,802.0,821.0,1833.0,75.0
79,2097,4120,3791,2449,1006,1646.0,900.0,1090.0,427.0,107.0,1617.0,5794.0,938.0,2183.0,1862.0,1816.0,4585.0,1726.0,2409.0,15531.0,13312.0,1230.0,902.0,804.0,709.0,1095.0,95.0
80,2099,12371,10307,4991,2414,4634.0,2464.0,2428.0,813.0,186.0,6245.0,16774.0,2677.0,4710.0,4291.0,6073.0,12254.0,4158.0,5762.0,39922.0,31545.0,5817.0,2305.0,2813.0,2842.0,5379.0,300.0
81,2100,6158,4857,3068,1452,2053.0,1193.0,1610.0,587.0,150.0,2119.0,7701.0,1379.0,3013.0,2430.0,2239.0,6366.0,2296.0,3180.0,20911.0,17832.0,2134.0,1300.0,1628.0,1302.0,1735.0,122.0
82,2101,5451,4955,2758,1078,2308.0,1083.0,1188.0,401.0,109.0,2919.0,8008.0,1269.0,2295.0,1796.0,2329.0,5529.0,2198.0,3996.0,19394.0,16738.0,1451.0,1173.0,899.0,772.0,1195.0,170.0
83,2102,1993,1731,1078,480,774.0,467.0,574.0,178.0,47.0,658.0,2703.0,554.0,1152.0,827.0,725.0,2289.0,757.0,1189.0,7499.0,6531.0,537.0,398.0,439.0,418.0,554.0,61.0
84,2103,3141,2626,1622,608,1300.0,582.0,693.0,260.0,66.0,1320.0,4216.0,570.0,1321.0,1146.0,963.0,2844.0,1420.0,2405.0,10674.0,9366.0,693.0,818.0,603.0,475.0,598.0,75.0
85,2104,1193,747,617,240,477.0,166.0,201.0,76.0,12.0,682.0,1614.0,115.0,370.0,328.0,192.0,716.0,512.0,1388.0,3620.0,3114.0,233.0,392.0,248.0,155.0,150.0,3.0
86,2105,461,419,376,136,250.0,104.0,117.0,36.0,5.0,246.0,760.0,62.0,231.0,180.0,82.0,529.0,349.0,416.0,1848.0,1510.0,144.0,157.0,146.0,93.0,102.0,8.0
87,2106,2655,2278,1583,635,1117.0,556.0,592.0,267.0,59.0,1132.0,3723.0,498.0,1250.0,1118.0,842.0,2673.0,1375.0,1560.0,9303.0,8285.0,623.0,567.0,544.0,365.0,492.0,40.0
88,2107,4132,3346,2545,1034,1741.0,775.0,1061.0,416.0,103.0,1451.0,5541.0,793.0,2133.0,1624.0,939.0,4077.0,2293.0,2825.0,14670.0,12989.0,975.0,998.0,906.0,694.0,734.0,85.0
89,2108,430,358,409,125,279.0,72.0,62.0,26.0,12.0,279.0,725.0,53.0,139.0,143.0,100.0,341.0,310.0,585.0,1672.0,1409.0,110.0,129.0,87.0,41.0,69.0,7.0
90,2109,1098,511,258,755,312.0,96.0,39.0,3.0,4.0,467.0,923.0,101.0,83.0,1334.0,840.0,365.0,90.0,284.0,3090.0,1367.0,1470.0,53.0,146.0,228.0,1422.0,25.0
91,2110,2242,1733,2330,1126,970.0,495.0,599.0,318.0,79.0,1138.0,3593.0,510.0,1508.0,1485.0,787.0,2650.0,1175.0,2249.0,10348.0,9155.0,599.0,756.0,744.0,411.0,457.0,68.0
92,2111,3852,3383,2713,1055,1696.0,806.0,900.0,342.0,72.0,2274.0,6087.0,883.0,1691.0,1496.0,1891.0,4373.0,1625.0,2458.0,14415.0,12351.0,1255.0,1144.0,1219.0,755.0,1047.0,75.0
93,2112,9637,7861,4351,3370,3731.0,2115.0,2109.0,732.0,168.0,4514.0,13365.0,2079.0,3658.0,4133.0,5625.0,9149.0,3416.0,4794.0,32852.0,25127.0,5995.0,2150.0,3599.0,2530.0,5517.0,119.0
94,2113,5443,4283,2817,1843,2098.0,1168.0,1217.0,352.0,87.0,2552.0,7478.0,1174.0,1982.0,2233.0,3085.0,5225.0,2046.0,2617.0,18365.0,14225.0,3331.0,987.0,2173.0,1498.0,3097.0,58.0
95,2114,6960,6291,3193,2681,3067.0,1681.0,1375.0,430.0,104.0,3460.0,10117.0,1601.0,2375.0,2718.0,5198.0,6754.0,2552.0,2864.0,24059.0,17458.0,5578.0,1079.0,2774.0,2435.0,5442.0,87.0
96,2115,3482,2407,985,1021,1054.0,703.0,731.0,277.0,103.0,1138.0,4012.0,871.0,1319.0,1250.0,1579.0,3030.0,1225.0,1488.0,10738.0,8923.0,1279.0,554.0,1235.0,1012.0,1088.0,129.0
97,2116,2187,1538,595,719,677.0,428.0,455.0,163.0,49.0,802.0,2581.0,451.0,840.0,834.0,915.0,1997.0,753.0,848.0,6640.0,5366.0,941.0,277.0,790.0,788.0,832.0,58.0
98,2117,7101,4722,2015,2323,2100.0,1361.0,1362.0,557.0,167.0,2743.0,8286.0,1386.0,2625.0,2652.0,3150.0,6153.0,2516.0,2825.0,21288.0,16634.0,3530.0,1032.0,2548.0,2433.0,3039.0,158.0
99,2118,7483,5328,2761,3215,2438.0,1762.0,1872.0,615.0,165.0,2192.0,9044.0,1501.0,3073.0,3176.0,3017.0,6753.0,2929.0,3905.0,24340.0,18753.0,4649.0,1056.0,3733.0,3053.0,4289.0,64.0
100,2119,2987,2344,2419,1113,1171.0,667.0,982.0,350.0,95.0,826.0,4091.0,536.0,1687.0,1624.0,828.0,3161.0,1556.0,2262.0,11646.0,10185.0,1065.0,531.0,1272.0,889.0,956.0,25.0
101,2120,5653,4472,3438,1834,2022.0,1219.0,1615.0,562.0,162.0,1763.0,7342.0,1223.0,2775.0,2696.0,1822.0,6008.0,2461.0,3229.0,20207.0,17460.0,1967.0,1092.0,2008.0,1717.0,1905.0,87.0
102,2121,7833,6270,4283,3850,2874.0,1924.0,2086.0,666.0,141.0,3063.0,10755.0,1527.0,3403.0,4195.0,4055.0,7690.0,3432.0,3908.0,28215.0,20827.0,6417.0,951.0,4023.0,3192.0,6052.0,51.0
103,2122,9753,6902,3469,4889,3387.0,2018.0,1818.0,531.0,110.0,4791.0,12659.0,1720.0,2839.0,4838.0,5668.0,7799.0,3471.0,4839.0,31161.0,21256.0,8589.0,1387.0,4388.0,3626.0,7721.0,80.0
104,2123,0,0,0,0,0.0,0.0,0.0,0.0,0.0,0.0,0.0,0.0,0.0,0.0,0.0,0.0,0.0,0.0,0.0,0.0,0.0,0.0,0.0,0.0,0.0,0.0
105,2125,4426,3706,3040,1689,1590.0,1045.0,1370.0,553.0,135.0,1029.0,5713.0,884.0,2145.0,2307.0,1602.0,4390.0,2526.0,2519.0,16377.0,14515.0,1386.0,900.0,2527.0,1502.0,1197.0,44.0
106,2126,5311,3980,3214,2255,1675.0,1288.0,1661.0,558.0,138.0,1176.0,6497.0,766.0,2664.0,2872.0,1563.0,5360.0,2637.0,2908.0,18768.0,15971.0,2260.0,923.0,2855.0,2492.0,2498.0,53.0
107,2127,2794,4012,2429,1537,2088.0,1010.0,723.0,163.0,34.0,2606.0,6624.0,1173.0,1291.0,1384.0,4408.0,4380.0,1144.0,760.0,14535.0,9393.0,3651.0,294.0,1722.0,1897.0,3403.0,61.0
108,2128,686,617,149,243,235.0,150.0,107.0,51.0,29.0,349.0,918.0,216.0,271.0,552.0,1219.0,1474.0,271.0,158.0,4166.0,1579.0,571.0,81.0,267.0,292.0,528.0,366.0
109,2129,0,0,0,0,0.0,0.0,0.0,0.0,0.0,0.0,0.0,0.0,0.0,0.0,0.0,0.0,0.0,0.0,4.0,4.0,0.0,0.0,0.0,0.0,0.0,0.0
110,2130,1912,2018,1272,427,927.0,417.0,334.0,95.0,13.0,1498.0,3279.0,416.0,712.0,738.0,1587.0,2346.0,712.0,785.0,7306.0,5778.0,1014.0,428.0,600.0,441.0,939.0,66.0
111,2131,8283,5945,2415,2521,2892.0,1484.0,1000.0,261.0,73.0,4560.0,10274.0,1247.0,1699.0,3208.0,5994.0,6094.0,2273.0,3332.0,23839.0,15312.0,6857.0,1483.0,2593.0,1992.0,6527.0,154.0
112,2132,3533,2319,1394,1108,1122.0,637.0,671.0,228.0,73.0,1360.0,4091.0,516.0,1241.0,1333.0,1467.0,2936.0,1259.0,1849.0,10613.0,8658.0,1420.0,1087.0,1199.0,770.0,1169.0,63.0
113,2133,3683,2602,1126,1039,1160.0,716.0,743.0,285.0,83.0,1355.0,4336.0,647.0,1368.0,1359.0,1495.0,3312.0,1193.0,1652.0,11014.0,9192.0,1284.0,1172.0,1405.0,686.0,952.0,82.0
114,2134,5665,3383,1181,3202,1799.0,862.0,591.0,204.0,61.0,3131.0,6647.0,650.0,918.0,3506.0,4257.0,3327.0,1448.0,1921.0,16033.0,8213.0,6831.0,880.0,1896.0,1561.0,6283.0,36.0
115,2135,7962,5815,2992,3576,2490.0,1412.0,1300.0,516.0,221.0,3653.0,9600.0,1071.0,2124.0,4535.0,5869.0,5767.0,2460.0,3414.0,25252.0,16013.0,7686.0,1597.0,3609.0,2023.0,7085.0,60.0
116,2136,2417,1705,771,806,741.0,511.0,479.0,180.0,55.0,870.0,2827.0,422.0,832.0,1059.0,1115.0,1996.0,847.0,1111.0,7367.0,6003.0,965.0,704.0,1036.0,630.0,836.0,32.0
117,2137,7432,6362,4363,2373,3308.0,1711.0,1642.0,574.0,144.0,3198.0,10565.0,1523.0,2954.0,3076.0,4013.0,7450.0,3131.0,4357.0,26507.0,21565.0,3453.0,2574.0,2589.0,1644.0,2908.0,142.0
118,2138,4903,4953,2808,3361,2728.0,1301.0,988.0,253.0,54.0,3407.0,8738.0,1372.0,1555.0,3244.0,6008.0,4700.0,1567.0,1574.0,20022.0,11197.0,7677.0,777.0,1631.0,2084.0,7205.0,61.0
119,2139,26,6,3,0,0.0,0.0,0.0,0.0,0.0,7.0,7.0,0.0,0.0,6.0,11.0,18.0,16.0,7.0,55.0,37.0,0.0,0.0,5.0,0.0,6.0,0.0
120,2140,4633,4167,1325,2168,1691.0,1126.0,813.0,222.0,59.0,2602.0,6513.0,1135.0,1307.0,2401.0,5288.0,3899.0,1179.0,938.0,16161.0,8359.0,6261.0,314.0,1548.0,2020.0,6331.0,39.0
121,2141,10763,5963,1541,4249,2688.0,1875.0,1639.0,665.0,298.0,3377.0,10543.0,1787.0,2693.0,4234.0,6295.0,7392.0,3292.0,2987.0,28675.0,19022.0,8122.0,1226.0,5098.0,3475.0,7483.0,89.0
122,2142,9354,5314,1148,3085,2386.0,1633.0,1226.0,600.0,432.0,3776.0,10052.0,2236.0,3033.0,3527.0,6542.0,6566.0,2169.0,2211.0,26297.0,17172.0,6895.0,1133.0,2715.0,2634.0,7432.0,152.0
123,2143,3302,1803,392,1121,750.0,571.0,566.0,237.0,151.0,963.0,3229.0,600.0,1176.0,1284.0,1453.0,2243.0,1095.0,1085.0,8920.0,6943.0,1486.0,444.0,1580.0,905.0,1393.0,55.0
124,2144,14739,6297,901,5625,2907.0,1986.0,1744.0,951.0,727.0,4283.0,12596.0,2884.0,4368.0,6022.0,9168.0,8664.0,3068.0,3205.0,37370.0,22467.0,12670.0,1638.0,4332.0,4292.0,13071.0,73.0
125,2145,24113,18400,6912,8108,7245.0,5584.0,5371.0,1912.0,707.0,8535.0,29353.0,6505.0,10476.0,8423.0,14216.0,22066.0,7251.0,10295.0,79213.0,59284.0,15254.0,4655.0,7330.0,7875.0,17595.0,676.0
126,2146,5586,4300,1398,1766,1679.0,1234.0,1196.0,414.0,170.0,1814.0,6506.0,1267.0,2294.0,2063.0,2889.0,4832.0,1828.0,2296.0,17467.0,13718.0,2890.0,881.0,1530.0,1785.0,3209.0,258.0
127,2147,12102,8868,2835,3216,3765.0,2356.0,2452.0,891.0,339.0,4152.0,13948.0,2545.0,4580.0,4472.0,5199.0,9991.0,4378.0,5188.0,36346.0,30243.0,4206.0,2174.0,3165.0,2546.0,3846.0,736.0
128,2148,21496,15446,3223,6308,6214.0,4397.0,3786.0,1485.0,772.0,6968.0,23627.0,4914.0,7967.0,8152.0,11270.0,16462.0,6391.0,7906.0,63074.0,48284.0,11242.0,3777.0,5740.0,5972.0,12335.0,1082.0
129,2150,8551,7947,3133,4100,3550.0,2602.0,1341.0,304.0,71.0,5601.0,13471.0,2829.0,2380.0,3361.0,11090.0,7761.0,2026.0,2045.0,31500.0,14542.0,14243.0,706.0,2148.0,2958.0,14982.0,145.0
130,2151,6320,5121,2339,2051,2223.0,1416.0,1276.0,419.0,122.0,2910.0,8359.0,1473.0,2502.0,2399.0,3453.0,6183.0,2276.0,3033.0,21308.0,16526.0,3283.0,1018.0,2298.0,1952.0,3320.0,139.0
131,2152,3412,2861,1344,893,1419.0,724.0,649.0,220.0,72.0,1662.0,4748.0,841.0,1275.0,1019.0,1960.0,3080.0,1017.0,2016.0,11218.0,9283.0,1404.0,582.0,950.0,807.0,1444.0,83.0
132,2153,16151,12921,8255,5174,5595.0,3675.0,4572.0,1614.0,399.0,4468.0,20333.0,3860.0,8083.0,6694.0,6413.0,16614.0,6203.0,8697.0,56556.0,48299.0,6488.0,3172.0,6107.0,4830.0,6041.0,286.0
133,2154,11224,8537,6310,3948,3912.0,2472.0,3037.0,1185.0,330.0,3325.0,14267.0,2171.0,5542.0,5108.0,3855.0,11043.0,4884.0,6979.0,39594.0,33401.0,4714.0,2239.0,4603.0,3572.0,4470.0,135.0
134,2155,12811,12629,8596,5169,3906.0,3321.0,4995.0,2068.0,648.0,2943.0,17887.0,4208.0,10095.0,7480.0,6394.0,17990.0,5063.0,4218.0,55447.0,47569.0,5704.0,2103.0,5558.0,5566.0,5980.0,350.0
135,2156,3961,2845,2103,1034,1438.0,680.0,872.0,464.0,178.0,855.0,4497.0,574.0,1836.0,1808.0,1012.0,3340.0,1742.0,2618.0,12941.0,11920.0,588.0,1034.0,787.0,460.0,381.0,62.0
136,2157,1168,827,423,287,383.0,187.0,219.0,146.0,60.0,297.0,1293.0,205.0,533.0,528.0,330.0,1051.0,506.0,583.0,3741.0,3316.0,170.0,305.0,191.0,129.0,72.0,16.0
137,2158,2587,1816,1323,857,866.0,468.0,565.0,295.0,108.0,747.0,3047.0,400.0,1166.0,1265.0,676.0,2348.0,1061.0,1673.0,8579.0,7573.0,617.0,638.0,741.0,449.0,608.0,50.0
138,2159,1601,1120,669,399,564.0,285.0,292.0,163.0,68.0,453.0,1823.0,233.0,711.0,619.0,408.0,1310.0,668.0,1029.0,4976.0,4543.0,247.0,370.0,227.0,146.0,153.0,40.0
139,2160,13741,6989,1463,3953,3117.0,2151.0,1828.0,1009.0,719.0,4328.0,13153.0,2870.0,4630.0,5124.0,6712.0,9056.0,3362.0,4211.0,35971.0,27130.0,6678.0,2388.0,4072.0,3724.0,6859.0,303.0
140,2161,12015,5367,932,3400,2382.0,1665.0,1432.0,984.0,885.0,3526.0,10869.0,2801.0,4617.0,4662.0,5558.0,7440.0,2960.0,3395.0,31420.0,24667.0,4499.0,1704.0,3722.0,2947.0,4677.0,268.0
141,2162,7249,3291,682,2143,1383.0,1070.0,1040.0,579.0,440.0,1985.0,6490.0,1361.0,2756.0,2744.0,2481.0,4699.0,2076.0,2516.0,18622.0,15503.0,2049.0,1112.0,3141.0,1548.0,2062.0,151.0
142,2163,4053,1304,160,943,812.0,481.0,398.0,241.0,182.0,1470.0,3587.0,626.0,1243.0,1349.0,1413.0,2531.0,1139.0,1290.0,9592.0,7157.0,1660.0,399.0,1726.0,768.0,1214.0,116.0
143,2164,8193,3872,728,1843,1798.0,1206.0,1080.0,650.0,362.0,1897.0,6990.0,1286.0,2570.0,2627.0,2615.0,4938.0,2406.0,3188.0,19626.0,16197.0,2390.0,2038.0,2907.0,1584.0,2416.0,221.0
144,2165,19354,6488,1036,4476,3691.0,2514.0,2415.0,1331.0,835.0,4087.0,14863.0,2747.0,5688.0,6069.0,6084.0,11264.0,4813.0,5773.0,42438.0,31598.0,8576.0,2480.0,7817.0,4627.0,9492.0,242.0
145,2166,23169,8292,1203,7347,4635.0,3520.0,3048.0,1473.0,737.0,5557.0,18968.0,3286.0,6570.0,8154.0,7403.0,14192.0,6392.0,6761.0,52768.0,41886.0,8057.0,1955.0,14702.0,4963.0,8456.0,274.0
146,2167,2750,2386,661,979,857.0,683.0,686.0,209.0,80.0,892.0,3407.0,816.0,1280.0,1172.0,1521.0,2695.0,991.0,1163.0,9637.0,7394.0,1444.0,334.0,1077.0,1268.0,1676.0,134.0
147,2168,16828,7857,1256,4588,3269.0,2517.0,2558.0,1486.0,957.0,4119.0,14906.0,2961.0,6779.0,7045.0,5619.0,11516.0,5004.0,4527.0,43451.0,36267.0,4171.0,2144.0,7822.0,3785.0,3928.0,1092.0
148,2170,36730,21359,5328,10333,9096.0,6466.0,6353.0,3074.0,1597.0,11529.0,38108.0,8261.0,15029.0,14096.0,15886.0,28567.0,10777.0,12846.0,105455.0,83432.0,13355.0,6137.0,13504.0,10440.0,14721.0,1365.0
149,2171,9797,8404,2663,3540,2118.0,2025.0,2822.0,1432.0,595.0,1728.0,10724.0,2866.0,5995.0,5136.0,5156.0,10522.0,3044.0,2144.0,34865.0,30705.0,2382.0,1841.0,5957.0,3432.0,2555.0,265.0
150,2172,625,691,491,246,246.0,175.0,247.0,88.0,26.0,134.0,924.0,193.0,427.0,380.0,343.0,910.0,306.0,220.0,2779.0,2565.0,107.0,128.0,346.0,158.0,103.0,28.0
151,2173,3538,3964,1618,1329,1071.0,921.0,1244.0,450.0,121.0,883.0,4695.0,1214.0,2144.0,2315.0,2300.0,4421.0,1221.0,815.0,14432.0,12538.0,1221.0,428.0,1563.0,1130.0,1285.0,268.0
152,2174,470,565,202,276,145.0,143.0,190.0,79.0,35.0,115.0,703.0,255.0,360.0,297.0,422.0,664.0,141.0,125.0,2267.0,1815.0,287.0,67.0,251.0,329.0,410.0,6.0
153,2175,675,417,146,152,180.0,92.0,102.0,64.0,35.0,159.0,636.0,96.0,224.0,248.0,212.0,487.0,236.0,354.0,1837.0,1594.0,100.0,299.0,115.0,40.0,48.0,25.0
154,2176,19387,9984,2284,5140,4128.0,3181.0,3191.0,1674.0,820.0,2830.0,15824.0,2545.0,5984.0,7134.0,6176.0,12140.0,6886.0,6931.0,47812.0,41148.0,4759.0,5020.0,9861.0,3900.0,4699.0,321.0
155,2177,6640,3107,543,1918,1249.0,1044.0,1118.0,533.0,284.0,1107.0,5336.0,859.0,2240.0,2535.0,2142.0,4228.0,2156.0,1825.0,15980.0,14006.0,1330.0,916.0,4421.0,1333.0,1373.0,142.0
156,2178,1372,974,287,388,386.0,200.0,230.0,160.0,81.0,324.0,1379.0,203.0,544.0,716.0,438.0,1103.0,531.0,695.0,4234.0,3601.0,230.0,514.0,333.0,95.0,119.0,57.0
157,2179,2271,1452,364,558,601.0,360.0,310.0,196.0,114.0,795.0,2366.0,432.0,810.0,853.0,881.0,1632.0,696.0,1221.0,6529.0,5442.0,405.0,783.0,469.0,265.0,291.0,101.0
158,2190,9706,4021,961,3005,1698.0,1318.0,1291.0,978.0,776.0,2306.0,8367.0,1883.0,4269.0,3917.0,3311.0,6235.0,2596.0,3343.0,25571.0,22026.0,1979.0,2237.0,3665.0,1915.0,1881.0,137.0
159,2191,2316,1330,458,648,617.0,366.0,428.0,179.0,93.0,689.0,2374.0,412.0,857.0,772.0,784.0,1780.0,672.0,1053.0,6317.0,5457.0,608.0,712.0,873.0,406.0,420.0,34.0
160,2192,4976,2629,521,1398,1325.0,825.0,687.0,299.0,156.0,1676.0,4967.0,794.0,1460.0,1633.0,2060.0,3435.0,1345.0,1988.0,12713.0,9820.0,2086.0,1358.0,1672.0,1103.0,1925.0,104.0
161,2193,5093,3660,1691,1401,1800.0,1021.0,927.0,303.0,93.0,2058.0,6195.0,836.0,1668.0,1863.0,2453.0,4510.0,1693.0,2244.0,15254.0,12104.0,2262.0,1744.0,1658.0,922.0,1849.0,169.0
162,2194,9901,4983,873,3512,2851.0,1810.0,1204.0,420.0,179.0,3378.0,9841.0,1489.0,2255.0,3418.0,5485.0,6558.0,2601.0,2732.0,24538.0,14706.0,8392.0,1279.0,3412.0,3082.0,7757.0,100.0
163,2195,10364,3998,590,3609,2019.0,1644.0,1493.0,758.0,481.0,3048.0,9436.0,2903.0,3848.0,3411.0,5728.0,6853.0,2064.0,2341.0,27148.0,17375.0,7842.0,1361.0,3003.0,3095.0,8494.0,78.0
164,2196,12152,5567,1190,3815,2535.0,1789.0,1773.0,1023.0,721.0,3147.0,10991.0,2416.0,4678.0,4643.0,4869.0,8103.0,3199.0,3895.0,31813.0,25714.0,4080.0,2575.0,4446.0,2560.0,4025.0,180.0
165,2197,3526,1592,407,1005,730.0,474.0,501.0,342.0,190.0,873.0,3111.0,667.0,1402.0,1309.0,1166.0,2238.0,944.0,1334.0,9067.0,7930.0,699.0,749.0,1205.0,593.0,648.0,66.0
166,2198,3130,1792,527,805,801.0,524.0,550.0,280.0,173.0,691.0,3020.0,653.0,1342.0,1149.0,1040.0,2253.0,866.0,1739.0,9039.0,8047.0,540.0,888.0,931.0,388.0,448.0,48.0
167,2199,7048,3205,648,1991,1423.0,1018.0,1018.0,556.0,374.0,1851.0,6242.0,1382.0,2604.0,2508.0,2577.0,4438.0,2020.0,2479.0,18016.0,15070.0,1820.0,1314.0,2920.0,1377.0,1867.0,149.0
168,2200,16458,7589,1486,5217,3627.0,2647.0,2474.0,1262.0,732.0,4930.0,15677.0,3781.0,5991.0,6097.0,7501.0,10903.0,4362.0,5062.0,43688.0,33426.0,6871.0,2844.0,6782.0,4332.0,7368.0,175.0
169,2203,3896,3723,2077,855,1721.0,790.0,695.0,178.0,46.0,2781.0,6218.0,751.0,1398.0,1505.0,2584.0,4448.0,1352.0,1659.0,13707.0,11100.0,1530.0,1199.0,1314.0,729.0,1252.0,198.0
170,2204,8652,6724,3510,1731,3250.0,1501.0,1147.0,338.0,117.0,5044.0,11403.0,1440.0,2326.0,2922.0,5815.0,7906.0,2610.0,3482.0,26499.0,21125.0,3263.0,2276.0,2823.0,1324.0,2868.0,428.0
171,2205,6199,4996,1819,2336,2498.0,1086.0,681.0,309.0,191.0,3431.0,8188.0,1148.0,1461.0,3074.0,6211.0,4440.0,1410.0,1700.0,19447.0,11902.0,6152.0,1156.0,1797.0,1577.0,5707.0,129.0
172,2206,6492,4223,2120,1691,2042.0,1181.0,1332.0,465.0,179.0,2031.0,7227.0,1073.0,2503.0,2196.0,2002.0,5709.0,2137.0,3798.0,19407.0,16889.0,1270.0,2985.0,1912.0,742.0,793.0,168.0
173,2207,9535,6242,2352,2711,2759.0,1775.0,1804.0,718.0,293.0,3052.0,10398.0,1801.0,3407.0,3460.0,3794.0,7639.0,3147.0,5279.0,28536.0,23169.0,3153.0,2943.0,3433.0,1817.0,2645.0,162.0
174,2208,4554,2719,1055,1217,1365.0,789.0,851.0,326.0,105.0,1305.0,4744.0,750.0,1491.0,1518.0,1588.0,3431.0,1388.0,2277.0,12450.0,10589.0,1263.0,1544.0,1519.0,742.0,934.0,97.0
175,2209,5863,3436,1141,1801,1654.0,1053.0,1011.0,370.0,149.0,1932.0,6174.0,945.0,1775.0,2011.0,2300.0,4210.0,1923.0,2602.0,15772.0,12343.0,2602.0,1172.0,2377.0,1688.0,2116.0,119.0
176,2210,11454,6392,2552,3025,3301.0,1895.0,1924.0,759.0,257.0,3941.0,12077.0,1701.0,3560.0,3827.0,3788.0,7817.0,3771.0,6135.0,30582.0,25208.0,3878.0,2057.0,3431.0,2384.0,3032.0,238.0
177,2211,6085,4005,1347,1650,1763.0,1096.0,1098.0,406.0,152.0,2025.0,6538.0,980.0,1890.0,2133.0,2254.0,4453.0,2134.0,3001.0,16845.0,14421.0,1593.0,1057.0,2014.0,1095.0,1385.0,161.0
178,2212,5624,3658,1203,1435,1586.0,978.0,1010.0,445.0,160.0,1781.0,5964.0,1034.0,1992.0,1999.0,2208.0,4226.0,1913.0,2467.0,15846.0,13368.0,1714.0,953.0,1930.0,1066.0,1556.0,160.0
179,2213,7294,5051,2168,1787,2164.0,1353.0,1541.0,634.0,206.0,2275.0,8187.0,1432.0,2978.0,2767.0,2539.0,6121.0,2683.0,3266.0,21788.0,19338.0,1405.0,1170.0,1777.0,1048.0,1214.0,326.0
180,2214,1359,967,353,307,437.0,223.0,306.0,100.0,34.0,310.0,1418.0,261.0,535.0,510.0,461.0,1050.0,447.0,694.0,3952.0,3654.0,159.0,233.0,176.0,71.0,114.0,100.0
181,2216,9974,6963,2101,2903,3454.0,1860.0,1322.0,439.0,152.0,4722.0,11944.0,1651.0,2397.0,3456.0,6526.0,7472.0,2660.0,3887.0,28065.0,19158.0,6882.0,2579.0,2891.0,2243.0,6649.0,188.0
182,2217,8933,6687,2484,2646,3209.0,1807.0,1524.0,514.0,135.0,3986.0,11166.0,1751.0,2774.0,3146.0,5296.0,7388.0,2545.0,3943.0,26846.0,19361.0,5951.0,2328.0,2520.0,2194.0,5781.0,176.0
183,2218,5888,3974,1251,1847,1957.0,1210.0,899.0,317.0,113.0,2234.0,6725.0,1047.0,1618.0,2144.0,3289.0,4293.0,1881.0,2158.0,16425.0,11844.0,3744.0,1242.0,2149.0,1657.0,3589.0,90.0
184,2219,4298,3243,1529,1032,1688.0,804.0,740.0,277.0,72.0,2193.0,5785.0,722.0,1488.0,1233.0,1483.0,3743.0,1711.0,2811.0,13196.0,11556.0,819.0,1543.0,1120.0,513.0,630.0,114.0
185,2220,11593,6927,2011,5735,3700.0,2209.0,1709.0,588.0,194.0,4663.0,13064.0,1766.0,2853.0,5369.0,7722.0,7634.0,3308.0,3841.0,32487.0,19302.0,11759.0,1543.0,3987.0,4280.0,10626.0,97.0
186,2221,5078,3639,2095,1784,1560.0,1023.0,1137.0,518.0,164.0,1613.0,6013.0,899.0,2166.0,2310.0,1731.0,4524.0,1926.0,2935.0,16482.0,14073.0,1664.0,1395.0,1768.0,1112.0,1325.0,71.0
187,2222,4428,3130,1101,1362,1420.0,874.0,844.0,225.0,77.0,1756.0,5195.0,782.0,1321.0,1710.0,2326.0,3450.0,1464.0,1729.0,12790.0,9472.0,2661.0,751.0,1390.0,1231.0,2559.0,48.0
188,2223,6110,5188,2944,1914,2379.0,1340.0,1391.0,497.0,130.0,2573.0,8313.0,1302.0,2491.0,2484.0,2858.0,5912.0,2615.0,3247.0,20903.0,17667.0,2274.0,1295.0,1721.0,1430.0,1943.0,153.0
189,2224,4587,3320,1696,1130,1712.0,845.0,933.0,366.0,94.0,1552.0,5501.0,861.0,1716.0,1562.0,1381.0,3777.0,1634.0,3280.0,14209.0,12704.0,799.0,1244.0,1042.0,578.0,546.0,125.0
190,2225,1427,1159,995,377,465.0,324.0,471.0,198.0,36.0,342.0,1842.0,385.0,909.0,603.0,484.0,1628.0,646.0,746.0,5408.0,5003.0,222.0,276.0,238.0,168.0,158.0,46.0
191,2226,3563,2869,1939,801,1301.0,732.0,930.0,386.0,70.0,1202.0,4618.0,862.0,1863.0,1400.0,1263.0,3751.0,1514.0,1852.0,12505.0,11295.0,635.0,616.0,562.0,508.0,538.0,138.0
192,2227,4468,3509,2202,902,1655.0,872.0,1047.0,415.0,85.0,1549.0,5626.0,925.0,1988.0,1703.0,1621.0,4253.0,1695.0,2443.0,14622.0,13292.0,734.0,721.0,586.0,488.0,583.0,144.0
193,2228,6022,4368,2148,1218,2103.0,1141.0,1127.0,409.0,120.0,2510.0,7408.0,1186.0,2163.0,2004.0,2361.0,4952.0,2059.0,3633.0,18364.0,15846.0,1524.0,1104.0,1126.0,812.0,1226.0,194.0
194,2229,8752,6777,4246,1857,3305.0,1642.0,1859.0,782.0,202.0,3700.0,11496.0,1853.0,3633.0,3301.0,3346.0,7701.0,3497.0,5392.0,28712.0,25843.0,1449.0,1570.0,1120.0,791.0,1156.0,311.0
195,2230,7893,8146,4799,1603,4066.0,1522.0,1359.0,613.0,163.0,5047.0,12771.0,1497.0,2856.0,3173.0,4714.0,7760.0,4029.0,4804.0,28842.0,25043.0,1762.0,1465.0,1125.0,675.0,1368.0,299.0
196,2231,643,546,217,189,212.0,112.0,183.0,66.0,21.0,229.0,831.0,175.0,392.0,223.0,250.0,666.0,251.0,303.0,2269.0,2087.0,90.0,117.0,66.0,46.0,38.0,62.0
197,2232,10056,8479,4341,1995,4021.0,2030.0,2110.0,744.0,187.0,4145.0,13246.0,2202.0,4020.0,3576.0,4516.0,9290.0,3526.0,5737.0,32870.0,29162.0,2134.0,1638.0,1564.0,1262.0,1790.0,373.0
198,2233,9141,7443,3544,1780,3122.0,1822.0,2187.0,971.0,220.0,2268.0,10600.0,1970.0,4444.0,3513.0,3013.0,8282.0,3435.0,4840.0,29497.0,27618.0,1009.0,1362.0,929.0,648.0,631.0,390.0
199,2234,9173,7894,4465,2260,2975.0,2035.0,2450.0,987.0,266.0,1794.0,10506.0,1674.0,3979.0,4703.0,3234.0,8210.0,4910.0,3875.0,30579.0,28499.0,1124.0,2195.0,1875.0,931.0,741.0,312.0
200,2250,25217,14970,5434,4581,8137.0,3866.0,3669.0,1438.0,541.0,10241.0,27889.0,3926.0,8334.0,8040.0,7963.0,17596.0,8417.0,12922.0,67195.0,58906.0,4245.0,3752.0,3109.0,2166.0,3001.0,1865.0
201,2251,12546,7135,3046,2026,4179.0,1905.0,1995.0,795.0,202.0,4223.0,13298.0,1812.0,4304.0,3626.0,2893.0,8428.0,4409.0,7227.0,32708.0,29519.0,1488.0,1902.0,1217.0,846.0,1138.0,742.0
202,2256,6924,3068,1092,958,2252.0,843.0,673.0,241.0,91.0,3164.0,7264.0,778.0,1549.0,1535.0,1490.0,3842.0,2223.0,4177.0,15603.0,13661.0,942.0,950.0,661.0,370.0,582.0,678.0
203,2257,12423,5853,1986,1814,4179.0,1650.0,1416.0,466.0,193.0,5028.0,12935.0,1629.0,3203.0,2908.0,2746.0,7188.0,4015.0,7328.0,29009.0,25693.0,1534.0,1624.0,1074.0,594.0,880.0,1041.0
204,2258,1799,1283,464,361,641.0,297.0,307.0,128.0,56.0,572.0,1997.0,273.0,746.0,691.0,595.0,1414.0,720.0,722.0,5167.0,4667.0,256.0,244.0,268.0,97.0,131.0,134.0
205,2259,24102,12072,3512,3968,7268.0,3327.0,3298.0,1479.0,575.0,7466.0,23406.0,3597.0,8372.0,7436.0,6255.0,15355.0,7058.0,11441.0,59513.0,53341.0,2667.0,3087.0,1936.0,1031.0,1469.0,2813.0
206,2260,7726,5489,2927,1555,2930.0,1323.0,1450.0,619.0,161.0,2730.0,9213.0,1395.0,3185.0,2785.0,2521.0,6274.0,3137.0,4114.0,23418.0,21022.0,1187.0,1264.0,912.0,670.0,981.0,410.0
207,2261,21636,11450,3107,3046,6844.0,3019.0,2738.0,1126.0,365.0,8265.0,22360.0,3157.0,6490.0,6003.0,5998.0,13135.0,6893.0,11092.0,52751.0,47555.0,2035.0,2645.0,1471.0,731.0,1002.0,2160.0
208,2262,9105,4053,816,1357,2756.0,1189.0,1060.0,463.0,201.0,3039.0,8715.0,1390.0,2831.0,2685.0,2374.0,5033.0,2521.0,3998.0,20828.0,18902.0,777.0,1075.0,568.0,240.0,219.0,1415.0
209,2263,11085,4433,941,1349,3323.0,1340.0,1011.0,411.0,183.0,4625.0,10894.0,1384.0,2654.0,2749.0,2676.0,5423.0,3280.0,6104.0,24263.0,21354.0,982.0,1343.0,646.0,249.0,360.0,1353.0
210,2264,6313,2822,851,943,2185.0,769.0,641.0,277.0,115.0,2069.0,6063.0,754.0,1591.0,1582.0,1443.0,3141.0,1965.0,3760.0,14233.0,12921.0,635.0,880.0,394.0,171.0,331.0,588.0
211,2265,2350,1156,381,415,758.0,329.0,286.0,123.0,45.0,736.0,2276.0,334.0,656.0,783.0,590.0,1359.0,735.0,1352.0,5809.0,5160.0,283.0,321.0,250.0,146.0,160.0,184.0
212,2267,1248,563,198,190,495.0,133.0,126.0,47.0,11.0,420.0,1226.0,117.0,273.0,227.0,228.0,615.0,485.0,823.0,2757.0,2539.0,95.0,141.0,90.0,27.0,26.0,115.0
213,2278,984,642,153,189,289.0,177.0,181.0,56.0,26.0,217.0,945.0,186.0,325.0,355.0,341.0,716.0,402.0,246.0,2571.0,2442.0,28.0,61.0,26.0,3.0,13.0,148.0
214,2280,10683,5767,2340,1663,3705.0,1527.0,1600.0,580.0,178.0,3434.0,11021.0,1446.0,3370.0,3296.0,2438.0,6888.0,3660.0,5587.0,26682.0,24876.0,697.0,908.0,525.0,347.0,444.0,829.0
215,2281,6356,2838,1059,930,2112.0,838.0,726.0,273.0,92.0,2125.0,6169.0,733.0,1507.0,1518.0,1234.0,3472.0,2172.0,3641.0,14273.0,13205.0,391.0,619.0,256.0,112.0,220.0,561.0
216,2282,5472,3364,1655,876,2051.0,828.0,921.0,339.0,90.0,1723.0,5953.0,785.0,1909.0,1749.0,1281.0,3898.0,2012.0,3136.0,14775.0,13673.0,484.0,649.0,407.0,286.0,402.0,292.0
217,2283,9878,4817,1699,1500,3416.0,1400.0,1151.0,439.0,147.0,3126.0,9681.0,1233.0,2583.0,2643.0,2217.0,5527.0,3479.0,5608.0,23297.0,21356.0,752.0,1081.0,544.0,276.0,384.0,1222.0
218,2284,4527,2198,696,685,1418.0,627.0,543.0,182.0,71.0,1626.0,4468.0,605.0,1138.0,1301.0,1210.0,2648.0,1443.0,2152.0,10498.0,9710.0,323.0,400.0,216.0,103.0,182.0,503.0
219,2285,11365,7313,2138,1848,3659.0,1908.0,1960.0,713.0,225.0,3538.0,12002.0,2388.0,4197.0,3639.0,4531.0,8100.0,3309.0,4556.0,30715.0,28541.0,961.0,910.0,586.0,425.0,825.0,1501.0
220,2286,1594,873,196,254,539.0,252.0,225.0,82.0,32.0,439.0,1576.0,271.0,525.0,462.0,527.0,1011.0,493.0,595.0,3909.0,3661.0,63.0,113.0,43.0,28.0,22.0,219.0
221,2287,13914,8019,2715,2694,4357.0,2203.0,2139.0,810.0,262.0,4730.0,14492.0,2467.0,4676.0,5167.0,5008.0,9329.0,4055.0,5685.0,36400.0,32541.0,2400.0,1216.0,959.0,643.0,2255.0,1623.0
222,2289,6782,4570,2183,1048,2337.0,1144.0,1241.0,445.0,108.0,2410.0,7686.0,1222.0,2556.0,2341.0,2334.0,5341.0,2028.0,3292.0,19118.0,17856.0,658.0,761.0,431.0,311.0,628.0,443.0
223,2290,13051,7414,3057,1871,4331.0,1991.0,1980.0,656.0,214.0,4570.0,13743.0,2106.0,4197.0,3850.0,4251.0,8541.0,4073.0,6397.0,33422.0,30652.0,1140.0,1206.0,719.0,444.0,884.0,1126.0
224,2291,4158,3309,2262,621,1600.0,645.0,767.0,331.0,66.0,2258.0,5659.0,703.0,1650.0,1739.0,1884.0,3645.0,1707.0,2089.0,13413.0,12335.0,396.0,413.0,341.0,253.0,367.0,202.0
225,2292,932,627,229,122,331.0,143.0,115.0,27.0,15.0,513.0,1143.0,157.0,280.0,325.0,437.0,666.0,288.0,302.0,2465.0,2244.0,115.0,95.0,77.0,40.0,99.0,107.0
226,2293,883,712,318,129,409.0,138.0,87.0,19.0,0.0,601.0,1255.0,129.0,196.0,328.0,547.0,636.0,351.0,317.0,2521.0,2265.0,102.0,79.0,67.0,42.0,74.0,62.0
227,2294,728,516,194,84,272.0,108.0,63.0,20.0,5.0,461.0,928.0,120.0,158.0,209.0,465.0,503.0,237.0,243.0,1929.0,1735.0,71.0,44.0,43.0,25.0,62.0,137.0
228,2295,2767,1330,604,343,1055.0,342.0,283.0,119.0,28.0,1160.0,2983.0,361.0,638.0,549.0,707.0,1680.0,1149.0,1845.0,6925.0,6299.0,209.0,232.0,122.0,73.0,122.0,280.0
229,2296,680,525,194,84,269.0,91.0,66.0,20.0,0.0,479.0,919.0,113.0,171.0,241.0,436.0,542.0,216.0,172.0,1883.0,1643.0,104.0,54.0,50.0,39.0,91.0,69.0
230,2297,609,367,150,100,208.0,87.0,78.0,26.0,6.0,324.0,732.0,115.0,200.0,195.0,269.0,523.0,182.0,197.0,1683.0,1460.0,101.0,60.0,58.0,26.0,80.0,48.0
231,2298,3841,2059,631,595,1229.0,504.0,355.0,126.0,44.0,1819.0,4074.0,561.0,841.0,1543.0,1626.0,2153.0,1041.0,1735.0,9499.0,8398.0,659.0,295.0,236.0,137.0,583.0,399.0
232,2299,4657,2319,768,939,1287.0,554.0,557.0,191.0,87.0,2005.0,4685.0,733.0,1283.0,1967.0,1836.0,2666.0,1109.0,1614.0,11205.0,9128.0,1593.0,384.0,259.0,249.0,1492.0,360.0
233,2300,3339,2826,1938,500,1567.0,400.0,287.0,98.0,17.0,3074.0,5444.0,342.0,694.0,1522.0,2423.0,2683.0,1414.0,1508.0,10579.0,8886.0,728.0,321.0,363.0,249.0,673.0,260.0
234,2302,198,157,70,38,77.0,12.0,8.0,0.0,0.0,226.0,322.0,7.0,7.0,120.0,136.0,124.0,81.0,84.0,565.0,438.0,52.0,14.0,19.0,14.0,61.0,15.0
235,2303,3554,1959,1135,456,1127.0,477.0,425.0,160.0,28.0,1949.0,4162.0,441.0,930.0,1287.0,1188.0,2458.0,1184.0,1654.0,9145.0,8190.0,366.0,552.0,243.0,126.0,307.0,279.0
236,2304,6191,3625,982,866,1976.0,851.0,628.0,191.0,74.0,3052.0,6764.0,928.0,1359.0,1992.0,2787.0,3810.0,1855.0,2429.0,15177.0,13452.0,965.0,646.0,453.0,272.0,721.0,592.0
237,2305,4252,2875,1560,704,1495.0,727.0,819.0,251.0,65.0,1895.0,5261.0,798.0,1707.0,1527.0,1389.0,3494.0,1572.0,2007.0,12506.0,11487.0,552.0,420.0,312.0,185.0,460.0,303.0
238,2306,1742,349,43,180,378.0,229.0,120.0,55.0,36.0,734.0,1556.0,232.0,509.0,411.0,391.0,813.0,450.0,567.0,3359.0,3023.0,55.0,78.0,31.0,4.0,18.0,473.0
239,2307,1824,836,129,290,499.0,231.0,160.0,53.0,29.0,767.0,1737.0,247.0,390.0,702.0,684.0,827.0,371.0,680.0,3905.0,3323.0,444.0,93.0,70.0,60.0,394.0,187.0
240,2308,842,16,12,391,0.0,0.0,0.0,0.0,0.0,12.0,12.0,0.0,0.0,1260.0,54.0,12.0,3.0,3.0,1327.0,950.0,301.0,0.0,8.0,45.0,307.0,34.0
241,2311,361,144,52,70,115.0,45.0,44.0,17.0,9.0,144.0,376.0,44.0,118.0,79.0,99.0,189.0,159.0,196.0,861.0,790.0,11.0,16.0,3.0,0.0,10.0,52.0
242,2312,717,233,44,93,215.0,73.0,69.0,30.0,16.0,175.0,588.0,79.0,210.0,159.0,99.0,366.0,223.0,339.0,1453.0,1325.0,46.0,64.0,27.0,9.0,12.0,99.0
243,2314,13,82,21,0,0.0,0.0,0.0,0.0,0.0,0.0,0.0,0.0,0.0,90.0,81.0,34.0,3.0,0.0,203.0,117.0,0.0,0.0,0.0,3.0,0.0,6.0
244,2315,6330,2905,1022,811,2377.0,706.0,595.0,231.0,72.0,2575.0,6561.0,617.0,1543.0,1319.0,1148.0,3304.0,2147.0,4577.0,14655.0,12816.0,644.0,1001.0,460.0,261.0,495.0,421.0
245,2316,2543,1073,377,346,771.0,315.0,293.0,125.0,46.0,909.0,2466.0,269.0,694.0,742.0,431.0,1500.0,859.0,1352.0,5846.0,5145.0,209.0,340.0,144.0,81.0,111.0,158.0
246,2317,2952,1162,355,300,1048.0,274.0,254.0,113.0,43.0,1144.0,2874.0,251.0,717.0,555.0,440.0,1340.0,862.0,2074.0,6241.0,5576.0,281.0,449.0,194.0,89.0,173.0,171.0
247,2318,4210,2746,932,801,1506.0,703.0,734.0,314.0,109.0,1218.0,4588.0,856.0,1752.0,1422.0,1355.0,3440.0,1460.0,1870.0,12149.0,10957.0,339.0,462.0,221.0,144.0,269.0,579.0
248,2319,3081,1203,284,441,1083.0,349.0,271.0,109.0,59.0,1079.0,2947.0,367.0,821.0,565.0,638.0,1467.0,1104.0,1706.0,6685.0,6030.0,219.0,370.0,183.0,72.0,68.0,343.0
249,2320,12421,7040,3182,2125,4136.0,1951.0,2082.0,845.0,309.0,4304.0,13630.0,2625.0,5055.0,4400.0,4614.0,9076.0,3904.0,4883.0,34559.0,31421.0,1008.0,777.0,587.0,398.0,833.0,1909.0
250,2321,5010,3219,1383,996,1814.0,923.0,887.0,366.0,148.0,1438.0,5575.0,1141.0,2133.0,1765.0,2054.0,3767.0,1746.0,2018.0,14624.0,13522.0,356.0,314.0,235.0,124.0,236.0,751.0
251,2322,7197,4132,1176,1168,2340.0,1173.0,1088.0,426.0,166.0,2111.0,7313.0,1314.0,2550.0,2318.0,2486.0,4857.0,2301.0,2640.0,18453.0,16964.0,587.0,555.0,312.0,199.0,366.0,956.0
252,2323,9764,5504,2048,1641,3279.0,1552.0,1372.0,577.0,226.0,3571.0,10577.0,1657.0,3558.0,3227.0,3267.0,6670.0,3131.0,4208.0,25736.0,23409.0,820.0,683.0,502.0,298.0,697.0,1290.0
253,2324,10429,4603,1172,1434,3534.0,1248.0,1048.0,451.0,191.0,3817.0,10288.0,1329.0,2886.0,2750.0,2360.0,5558.0,3394.0,5364.0,23651.0,21357.0,657.0,1005.0,523.0,192.0,325.0,1716.0
254,2325,11691,4655,1654,1661,3480.0,1577.0,1345.0,550.0,221.0,4264.0,11437.0,1882.0,3729.0,3564.0,3598.0,7015.0,3670.0,5001.0,28459.0,24872.0,667.0,771.0,426.0,201.0,305.0,2124.0
255,2326,3150,1320,335,472,878.0,439.0,373.0,178.0,66.0,1035.0,2962.0,469.0,1032.0,896.0,891.0,1870.0,1001.0,1169.0,7333.0,6728.0,131.0,170.0,79.0,24.0,47.0,592.0
256,2327,3509,1360,305,438,996.0,453.0,338.0,151.0,64.0,1285.0,3292.0,493.0,884.0,981.0,963.0,1808.0,1009.0,1479.0,7610.0,6946.0,149.0,173.0,91.0,38.0,65.0,566.0
257,2328,855,476,228,176,319.0,129.0,120.0,59.0,21.0,402.0,1055.0,143.0,348.0,282.0,228.0,679.0,299.0,459.0,2438.0,2191.0,74.0,52.0,33.0,27.0,40.0,135.0
258,2329,837,353,122,127,282.0,99.0,92.0,52.0,18.0,395.0,937.0,140.0,287.0,203.0,212.0,513.0,306.0,454.0,2111.0,1822.0,60.0,52.0,30.0,7.0,20.0,139.0
259,2330,6594,3605,2584,1567,2315.0,1147.0,1158.0,481.0,184.0,2765.0,8050.0,1423.0,2979.0,2581.0,2678.0,5648.0,2424.0,2619.0,20349.0,17974.0,801.0,393.0,376.0,247.0,563.0,1199.0
260,2331,154,148,25,0,0.0,0.0,0.0,0.0,0.0,0.0,0.0,0.0,0.0,252.0,53.0,18.0,0.0,0.0,318.0,313.0,3.0,0.0,0.0,12.0,15.0,8.0
261,2333,4532,2295,1475,929,1589.0,758.0,678.0,311.0,119.0,2148.0,5616.0,1106.0,2048.0,1660.0,2017.0,3655.0,1503.0,1647.0,13645.0,11908.0,545.0,255.0,170.0,124.0,421.0,1226.0
262,2334,999,533,231,208,305.0,166.0,175.0,79.0,35.0,352.0,1105.0,237.0,485.0,342.0,430.0,724.0,275.0,347.0,2829.0,2617.0,92.0,82.0,46.0,16.0,44.0,210.0
263,2335,1936,1219,735,410,703.0,377.0,361.0,187.0,53.0,660.0,2341.0,471.0,980.0,724.0,804.0,1733.0,757.0,708.0,6156.0,5607.0,156.0,144.0,94.0,60.0,91.0,294.0
264,2336,890,507,263,164,356.0,127.0,135.0,54.0,21.0,389.0,1091.0,167.0,385.0,279.0,322.0,688.0,354.0,426.0,2614.0,2334.0,63.0,40.0,31.0,21.0,40.0,155.0
265,2337,2759,1549,766,433,983.0,354.0,381.0,200.0,48.0,1295.0,3268.0,477.0,1176.0,839.0,1026.0,2014.0,996.0,1364.0,7889.0,6785.0,402.0,140.0,77.0,64.0,352.0,322.0
266,2338,640,210,88,104,216.0,77.0,42.0,23.0,13.0,298.0,662.0,61.0,172.0,132.0,107.0,365.0,222.0,374.0,1432.0,1248.0,43.0,52.0,32.0,13.0,20.0,74.0
267,2339,242,121,35,40,101.0,27.0,21.0,18.0,3.0,115.0,289.0,46.0,88.0,64.0,80.0,166.0,111.0,128.0,677.0,561.0,13.0,11.0,10.0,0.0,4.0,32.0
268,2340,18355,10959,3076,2480,6210.0,2603.0,2303.0,1042.0,408.0,7917.0,20485.0,3343.0,6871.0,6000.0,6219.0,12052.0,6052.0,8526.0,49070.0,43487.0,1885.0,828.0,498.0,348.0,1600.0,5115.0
269,2341,765,201,70,87,221.0,76.0,56.0,30.0,4.0,348.0,732.0,83.0,186.0,139.0,163.0,336.0,253.0,419.0,1572.0,1388.0,27.0,31.0,17.0,3.0,9.0,296.0
270,2342,156,108,24,36,66.0,17.0,19.0,9.0,6.0,72.0,199.0,23.0,68.0,37.0,41.0,129.0,70.0,94.0,465.0,412.0,14.0,6.0,0.0,3.0,5.0,13.0
271,2343,2031,969,266,289,703.0,242.0,234.0,105.0,36.0,847.0,2153.0,306.0,630.0,514.0,495.0,1200.0,732.0,1082.0,4968.0,4499.0,108.0,92.0,57.0,19.0,47.0,613.0
272,2344,261,174,51,47,94.0,41.0,41.0,14.0,5.0,114.0,311.0,25.0,128.0,76.0,70.0,228.0,109.0,135.0,756.0,673.0,11.0,13.0,5.0,5.0,0.0,35.0
273,2345,282,174,44,52,119.0,44.0,30.0,16.0,5.0,83.0,301.0,43.0,85.0,70.0,86.0,199.0,108.0,129.0,720.0,669.0,8.0,9.0,9.0,0.0,0.0,54.0
274,2346,1514,481,103,167,431.0,155.0,121.0,64.0,33.0,613.0,1410.0,160.0,396.0,312.0,262.0,726.0,466.0,829.0,3147.0,2810.0,42.0,70.0,29.0,18.0,16.0,400.0
275,2347,951,258,56,110,285.0,84.0,64.0,40.0,10.0,433.0,907.0,108.0,198.0,133.0,166.0,395.0,313.0,608.0,1933.0,1695.0,45.0,66.0,28.0,12.0,24.0,131.0
276,2350,9934,5121,1860,1757,3160.0,1204.0,1079.0,481.0,197.0,4381.0,10498.0,1477.0,3275.0,4084.0,3094.0,6088.0,3091.0,4215.0,25336.0,21698.0,1843.0,672.0,531.0,449.0,1648.0,1744.0
277,2351,575,5,5,192,5.0,0.0,0.0,0.0,0.0,8.0,12.0,0.0,3.0,915.0,31.0,19.0,0.0,4.0,976.0,753.0,39.0,0.0,0.0,22.0,56.0,31.0
278,2352,1077,633,120,148,391.0,158.0,127.0,65.0,29.0,358.0,1128.0,201.0,388.0,280.0,290.0,683.0,376.0,490.0,2715.0,2530.0,65.0,39.0,55.0,18.0,18.0,254.0
279,2353,472,222,51,59,146.0,68.0,54.0,10.0,9.0,164.0,457.0,59.0,131.0,80.0,87.0,250.0,163.0,346.0,1124.0,997.0,15.0,37.0,10.0,8.0,7.0,76.0
280,2354,1443,681,200,176,527.0,161.0,153.0,88.0,15.0,673.0,1617.0,200.0,431.0,326.0,316.0,856.0,541.0,898.0,3574.0,3119.0,80.0,83.0,41.0,21.0,24.0,210.0
281,2355,288,104,17,46,93.0,23.0,21.0,6.0,5.0,151.0,315.0,15.0,80.0,64.0,54.0,159.0,140.0,142.0,664.0,554.0,21.0,34.0,10.0,0.0,0.0,46.0
282,2356,78,20,3,14,16.0,8.0,8.0,3.0,3.0,31.0,65.0,9.0,24.0,23.0,0.0,40.0,25.0,43.0,160.0,138.0,3.0,4.0,3.0,0.0,0.0,40.0
283,2357,1831,648,167,231,624.0,169.0,140.0,76.0,39.0,831.0,1882.0,207.0,537.0,377.0,345.0,948.0,676.0,1085.0,4159.0,3667.0,86.0,122.0,65.0,34.0,47.0,494.0
284,2358,1708,737,153,192,574.0,165.0,166.0,82.0,30.0,641.0,1653.0,188.0,490.0,381.0,319.0,920.0,640.0,830.0,3772.0,3483.0,65.0,108.0,52.0,22.0,33.0,345.0
285,2359,383,78,20,50,121.0,35.0,20.0,17.0,9.0,125.0,324.0,45.0,89.0,72.0,57.0,168.0,138.0,165.0,736.0,657.0,11.0,22.0,6.0,0.0,0.0,28.0
286,2360,6348,2601,567,776,2010.0,745.0,609.0,306.0,140.0,2428.0,6230.0,967.0,1970.0,1752.0,1549.0,3364.0,1850.0,3071.0,14524.0,12971.0,407.0,263.0,130.0,136.0,352.0,1240.0
287,2361,459,112,15,67,130.0,43.0,31.0,20.0,12.0,167.0,406.0,34.0,133.0,80.0,47.0,211.0,181.0,226.0,909.0,798.0,26.0,31.0,11.0,3.0,8.0,120.0
288,2365,1646,606,152,219,512.0,166.0,170.0,72.0,35.0,599.0,1569.0,221.0,530.0,382.0,359.0,898.0,529.0,815.0,3726.0,3322.0,104.0,65.0,40.0,20.0,73.0,210.0
289,2369,459,107,23,57,127.0,41.0,34.0,21.0,17.0,142.0,382.0,51.0,127.0,122.0,74.0,210.0,148.0,201.0,923.0,813.0,10.0,23.0,3.0,4.0,4.0,215.0
290,2370,3576,1210,250,333,1066.0,347.0,270.0,145.0,58.0,1502.0,3386.0,423.0,947.0,781.0,744.0,1724.0,1144.0,1929.0,7683.0,6610.0,172.0,223.0,82.0,53.0,78.0,488.0
291,2371,633,126,24,85,208.0,55.0,26.0,16.0,6.0,269.0,579.0,32.0,100.0,88.0,78.0,271.0,243.0,341.0,1155.0,1016.0,24.0,59.0,16.0,4.0,15.0,70.0
292,2372,2300,727,168,244,774.0,190.0,161.0,69.0,35.0,1069.0,2303.0,219.0,532.0,387.0,326.0,1007.0,897.0,1383.0,4742.0,4156.0,98.0,162.0,92.0,25.0,44.0,200.0
293,2379,118,57,24,31,44.0,18.0,10.0,11.0,3.0,50.0,139.0,14.0,44.0,36.0,27.0,87.0,51.0,53.0,316.0,281.0,12.0,0.0,5.0,0.0,8.0,15.0
294,2380,3855,2028,905,543,1304.0,561.0,506.0,221.0,99.0,1724.0,4416.0,797.0,1394.0,1149.0,1339.0,2429.0,1286.0,1980.0,10390.0,9337.0,260.0,142.0,88.0,64.0,183.0,1343.0
295,2381,509,219,60,67,164.0,69.0,54.0,21.0,11.0,178.0,498.0,74.0,150.0,128.0,122.0,305.0,210.0,213.0,1190.0,1074.0,20.0,12.0,10.0,3.0,11.0,151.0
296,2382,549,250,83,75,186.0,63.0,56.0,20.0,11.0,252.0,592.0,70.0,181.0,172.0,104.0,373.0,154.0,274.0,1322.0,1165.0,30.0,13.0,11.0,7.0,12.0,133.0
297,2386,116,75,14,33,38.0,14.0,12.0,8.0,5.0,100.0,181.0,24.0,55.0,26.0,21.0,109.0,52.0,58.0,356.0,313.0,6.0,4.0,3.0,0.0,7.0,29.0
298,2387,71,37,19,20,20.0,9.0,11.0,6.0,0.0,37.0,87.0,11.0,32.0,21.0,25.0,57.0,31.0,41.0,199.0,167.0,0.0,0.0,0.0,0.0,0.0,12.0
299,2388,923,476,138,150,280.0,132.0,108.0,60.0,27.0,538.0,1150.0,228.0,397.0,269.0,316.0,673.0,356.0,439.0,2673.0,2239.0,40.0,52.0,22.0,14.0,22.0,427.0
300,2390,3119,1835,620,441,1142.0,427.0,417.0,196.0,76.0,1465.0,3729.0,620.0,1200.0,961.0,1029.0,2192.0,1210.0,1543.0,8755.0,7714.0,179.0,120.0,65.0,53.0,132.0,958.0
301,2395,348,68,28,67,108.0,30.0,16.0,7.0,7.0,163.0,333.0,22.0,48.0,75.0,43.0,147.0,145.0,195.0,669.0,593.0,14.0,34.0,6.0,12.0,4.0,36.0
302,2396,433,98,36,54,126.0,43.0,34.0,8.0,8.0,192.0,419.0,29.0,116.0,73.0,81.0,190.0,124.0,245.0,856.0,787.0,23.0,13.0,7.0,4.0,8.0,134.0
303,2397,108,86,25,24,44.0,11.0,16.0,8.0,8.0,64.0,154.0,29.0,61.0,34.0,52.0,82.0,70.0,53.0,380.0,332.0,9.0,0.0,4.0,3.0,0.0,25.0
304,2398,71,64,6,8,34.0,14.0,3.0,10.0,0.0,43.0,102.0,16.0,30.0,29.0,20.0,62.0,47.0,31.0,236.0,208.0,4.0,0.0,0.0,0.0,0.0,12.0
305,2399,192,113,41,32,76.0,33.0,21.0,8.0,7.0,108.0,256.0,47.0,80.0,49.0,78.0,169.0,83.0,96.0,596.0,499.0,8.0,8.0,3.0,3.0,0.0,56.0
306,2400,3272,2179,663,471,1183.0,573.0,410.0,213.0,80.0,2051.0,4514.0,794.0,1357.0,1165.0,1285.0,2636.0,1215.0,1623.0,10083.0,8582.0,291.0,119.0,112.0,59.0,264.0,2050.0
307,2401,120,65,19,16,49.0,17.0,13.0,8.0,8.0,53.0,145.0,17.0,52.0,27.0,26.0,102.0,45.0,52.0,321.0,287.0,3.0,0.0,3.0,0.0,0.0,17.0
308,2402,792,304,70,112,267.0,70.0,72.0,45.0,12.0,338.0,803.0,120.0,215.0,189.0,157.0,397.0,247.0,477.0,1789.0,1617.0,37.0,22.0,12.0,6.0,20.0,134.0
309,2403,321,99,19,33,101.0,36.0,37.0,20.0,3.0,110.0,302.0,52.0,114.0,65.0,79.0,166.0,98.0,132.0,720.0,637.0,14.0,9.0,5.0,0.0,10.0,51.0
310,2404,933,270,43,102,323.0,67.0,49.0,27.0,16.0,413.0,891.0,74.0,182.0,140.0,112.0,424.0,266.0,643.0,1837.0,1628.0,24.0,33.0,15.0,12.0,14.0,93.0
311,2405,145,124,37,47,63.0,21.0,15.0,12.0,3.0,107.0,224.0,22.0,84.0,53.0,54.0,146.0,83.0,75.0,512.0,446.0,13.0,0.0,3.0,0.0,11.0,34.0
312,2408,94,87,41,28,43.0,15.0,17.0,12.0,5.0,64.0,153.0,29.0,57.0,47.0,40.0,111.0,48.0,42.0,372.0,323.0,13.0,0.0,0.0,4.0,8.0,5.0
313,2409,454,102,33,54,95.0,42.0,50.0,16.0,29.0,148.0,388.0,89.0,181.0,161.0,116.0,272.0,121.0,98.0,1027.0,944.0,5.0,3.0,3.0,0.0,5.0,560.0
314,2410,110,40,13,33,44.0,12.0,4.0,9.0,0.0,60.0,129.0,19.0,35.0,24.0,16.0,72.0,49.0,58.0,281.0,245.0,7.0,6.0,0.0,0.0,0.0,3.0
315,2411,29,24,3,8,12.0,3.0,7.0,3.0,0.0,15.0,43.0,12.0,17.0,12.0,13.0,22.0,12.0,19.0,121.0,104.0,0.0,4.0,0.0,0.0,3.0,9.0
316,2415,168,68,18,25,42.0,26.0,25.0,6.0,0.0,46.0,150.0,16.0,62.0,39.0,36.0,126.0,51.0,65.0,390.0,346.0,10.0,19.0,3.0,0.0,6.0,16.0
317,2420,1737,708,238,228,572.0,218.0,162.0,74.0,32.0,680.0,1735.0,193.0,482.0,405.0,327.0,986.0,651.0,985.0,4022.0,3650.0,59.0,101.0,39.0,21.0,27.0,215.0
318,2421,664,398,178,126,245.0,95.0,110.0,43.0,17.0,195.0,710.0,106.0,271.0,230.0,161.0,509.0,272.0,281.0,1831.0,1702.0,35.0,38.0,23.0,12.0,16.0,58.0
319,2422,2646,819,227,317,887.0,257.0,200.0,92.0,40.0,961.0,2429.0,260.0,593.0,470.0,357.0,1206.0,856.0,1591.0,5334.0,4858.0,101.0,196.0,91.0,32.0,44.0,386.0
320,2423,1529,439,95,200,491.0,165.0,108.0,36.0,8.0,602.0,1415.0,113.0,282.0,249.0,212.0,739.0,572.0,793.0,2959.0,2667.0,86.0,170.0,72.0,16.0,20.0,159.0
321,2424,215,52,10,29,56.0,26.0,18.0,3.0,0.0,95.0,200.0,16.0,69.0,36.0,27.0,111.0,82.0,88.0,429.0,368.0,12.0,23.0,12.0,0.0,0.0,15.0
322,2425,778,322,122,120,248.0,101.0,74.0,40.0,21.0,244.0,725.0,90.0,247.0,175.0,123.0,514.0,267.0,371.0,1782.0,1640.0,50.0,66.0,34.0,16.0,18.0,104.0
323,2426,366,94,20,33,94.0,34.0,22.0,11.0,4.0,132.0,311.0,39.0,97.0,66.0,53.0,172.0,139.0,157.0,719.0,650.0,12.0,19.0,10.0,3.0,0.0,32.0
324,2427,1839,436,119,204,711.0,144.0,72.0,29.0,7.0,570.0,1533.0,80.0,216.0,191.0,136.0,563.0,625.0,1295.0,3113.0,2868.0,82.0,197.0,45.0,28.0,17.0,106.0
325,2428,12574,3725,951,1122,4281.0,1066.0,767.0,290.0,130.0,5164.0,11705.0,974.0,2279.0,1928.0,1655.0,4784.0,3758.0,8636.0,24012.0,21509.0,724.0,1408.0,447.0,239.0,287.0,1223.0
326,2429,4845,1535,294,594,1487.0,508.0,391.0,173.0,92.0,1612.0,4262.0,453.0,1154.0,978.0,786.0,2277.0,1688.0,2380.0,9715.0,8781.0,232.0,388.0,178.0,76.0,79.0,481.0
327,2430,16680,5585,1281,1866,5273.0,1695.0,1376.0,630.0,282.0,5760.0,15011.0,1792.0,4135.0,3471.0,2880.0,7541.0,5221.0,8985.0,34017.0,30892.0,929.0,1453.0,623.0,315.0,463.0,2633.0
328,2431,2743,856,202,254,965.0,236.0,148.0,75.0,33.0,1163.0,2622.0,211.0,468.0,382.0,334.0,1046.0,868.0,1830.0,5133.0,4668.0,132.0,230.0,86.0,24.0,64.0,266.0
329,2439,1348,509,106,161,477.0,157.0,135.0,54.0,19.0,387.0,1227.0,145.0,360.0,269.0,198.0,724.0,483.0,768.0,2941.0,2610.0,60.0,162.0,46.0,28.0,21.0,75.0
330,2440,10141,3097,642,1039,2884.0,1131.0,818.0,377.0,229.0,3788.0,9223.0,1230.0,2754.0,2451.0,2179.0,5107.0,3459.0,4625.0,21816.0,18892.0,504.0,670.0,288.0,127.0,220.0,2946.0
331,2441,2010,690,161,277,613.0,248.0,180.0,71.0,51.0,729.0,1889.0,204.0,541.0,430.0,376.0,1096.0,890.0,807.0,4349.0,3775.0,135.0,194.0,105.0,37.0,59.0,224.0
332,2443,4865,1296,301,478,1722.0,371.0,224.0,112.0,43.0,1959.0,4426.0,281.0,723.0,584.0,506.0,1736.0,1550.0,3509.0,8892.0,7934.0,299.0,560.0,155.0,82.0,117.0,332.0
333,2444,20425,9172,2906,2308,7207.0,2265.0,1928.0,817.0,261.0,8681.0,21154.0,2315.0,5386.0,4525.0,4342.0,10743.0,6187.0,12811.0,46289.0,41442.0,1900.0,2561.0,1246.0,785.0,1256.0,1810.0
334,2445,2941,1290,383,382,1082.0,316.0,316.0,150.0,50.0,820.0,2735.0,294.0,825.0,624.0,394.0,1646.0,979.0,1711.0,6464.0,6008.0,146.0,317.0,127.0,69.0,53.0,197.0
335,2446,5892,2351,599,725,1880.0,676.0,642.0,320.0,113.0,1818.0,5441.0,740.0,1872.0,1478.0,1104.0,3267.0,1958.0,2915.0,13330.0,12125.0,283.0,488.0,234.0,87.0,120.0,757.0
336,2447,3440,1225,219,401,1122.0,332.0,283.0,140.0,63.0,1185.0,3134.0,351.0,930.0,683.0,524.0,1667.0,1207.0,1831.0,7180.0,6457.0,153.0,273.0,108.0,48.0,60.0,423.0
337,2448,4748,1321,350,413,1475.0,427.0,267.0,150.0,51.0,2143.0,4517.0,426.0,888.0,768.0,687.0,1784.0,1543.0,2895.0,9002.0,8070.0,268.0,558.0,207.0,73.0,112.0,708.0
338,2449,1156,269,64,119,317.0,107.0,85.0,42.0,21.0,403.0,980.0,110.0,308.0,214.0,177.0,524.0,402.0,453.0,2188.0,1995.0,55.0,108.0,49.0,10.0,22.0,291.0
339,2450,18461,8645,2460,2343,5949.0,2315.0,1954.0,825.0,351.0,7505.0,18904.0,2432.0,5573.0,4963.0,4595.0,10837.0,6286.0,9225.0,43896.0,37776.0,2510.0,1979.0,1196.0,755.0,2216.0,2085.0
340,2452,6971,2984,626,745,2129.0,854.0,682.0,289.0,112.0,2594.0,6665.0,808.0,2021.0,1702.0,1476.0,3687.0,2119.0,3308.0,15119.0,13757.0,525.0,684.0,312.0,170.0,326.0,934.0
341,2453,1365,436,89,212,433.0,136.0,100.0,49.0,17.0,559.0,1294.0,121.0,300.0,253.0,187.0,628.0,556.0,732.0,2771.0,2499.0,82.0,141.0,65.0,11.0,32.0,103.0
342,2454,3362,1336,389,458,1029.0,424.0,376.0,146.0,54.0,1257.0,3294.0,412.0,1101.0,676.0,612.0,2027.0,1316.0,1444.0,7571.0,6763.0,320.0,389.0,317.0,147.0,155.0,238.0
343,2455,1521,556,147,123,518.0,157.0,115.0,28.0,6.0,704.0,1527.0,108.0,284.0,254.0,201.0,685.0,533.0,945.0,3001.0,2695.0,86.0,145.0,61.0,20.0,13.0,119.0
344,2456,6441,2821,716,911,2110.0,837.0,690.0,292.0,102.0,2617.0,6646.0,868.0,1842.0,1466.0,1659.0,3524.0,2383.0,3008.0,14749.0,12623.0,1026.0,762.0,406.0,198.0,789.0,721.0
345,2460,13731,4751,1140,1597,4089.0,1503.0,1172.0,571.0,267.0,5045.0,12654.0,1606.0,3627.0,3213.0,2748.0,7112.0,4490.0,6416.0,29212.0,26315.0,623.0,832.0,383.0,167.0,334.0,2173.0
346,2462,1305,343,74,140,393.0,103.0,84.0,50.0,16.0,531.0,1179.0,91.0,275.0,229.0,156.0,575.0,475.0,634.0,2443.0,2214.0,49.0,94.0,39.0,9.0,20.0,111.0
347,2463,3942,1173,257,406,1250.0,396.0,276.0,145.0,51.0,1286.0,3409.0,311.0,851.0,695.0,460.0,1771.0,1285.0,2170.0,7541.0,6851.0,185.0,314.0,141.0,55.0,79.0,444.0
348,2464,3509,1129,348,298,1254.0,304.0,204.0,86.0,27.0,1751.0,3632.0,276.0,581.0,488.0,512.0,1388.0,1141.0,2338.0,6740.0,5986.0,269.0,358.0,166.0,78.0,172.0,283.0
349,2465,151,48,6,14,41.0,16.0,13.0,4.0,0.0,66.0,145.0,11.0,30.0,35.0,33.0,59.0,53.0,65.0,292.0,270.0,3.0,11.0,0.0,0.0,0.0,14.0
350,2466,1082,174,46,80,378.0,65.0,39.0,9.0,5.0,570.0,1071.0,52.0,138.0,87.0,70.0,291.0,359.0,746.0,1725.0,1565.0,49.0,85.0,34.0,6.0,10.0,43.0
351,2469,2158,530,81,227,670.0,169.0,106.0,62.0,45.0,910.0,1947.0,132.0,412.0,357.0,223.0,989.0,923.0,979.0,4009.0,3476.0,161.0,209.0,111.0,25.0,54.0,281.0
352,2470,7091,2596,404,806,1991.0,798.0,656.0,324.0,182.0,2477.0,6427.0,984.0,2078.0,1845.0,1398.0,3559.0,2031.0,3322.0,15225.0,13945.0,252.0,325.0,177.0,90.0,134.0,1192.0
353,2471,1107,416,68,178,325.0,126.0,104.0,65.0,22.0,378.0,1025.0,143.0,363.0,274.0,189.0,680.0,386.0,481.0,2522.0,2208.0,51.0,69.0,35.0,11.0,31.0,209.0
354,2472,832,350,61,99,245.0,109.0,88.0,36.0,11.0,314.0,799.0,114.0,225.0,184.0,172.0,491.0,309.0,376.0,1855.0,1632.0,54.0,53.0,33.0,9.0,27.0,73.0
355,2473,1574,520,133,145,507.0,137.0,116.0,50.0,14.0,923.0,1748.0,123.0,325.0,283.0,226.0,680.0,536.0,915.0,3092.0,2781.0,76.0,101.0,28.0,21.0,35.0,132.0
356,2474,3160,948,207,381,943.0,314.0,221.0,120.0,41.0,1282.0,2926.0,294.0,746.0,616.0,468.0,1539.0,1228.0,1456.0,6332.0,5570.0,191.0,235.0,163.0,66.0,90.0,213.0
357,2475,187,30,9,24,65.0,15.0,12.0,8.0,0.0,77.0,175.0,13.0,50.0,25.0,26.0,94.0,68.0,102.0,386.0,313.0,9.0,9.0,8.0,0.0,4.0,34.0
358,2476,400,107,33,45,139.0,35.0,25.0,16.0,12.0,149.0,373.0,36.0,95.0,81.0,45.0,191.0,139.0,194.0,780.0,724.0,12.0,40.0,0.0,0.0,3.0,88.0
359,2477,5210,2527,702,657,1804.0,663.0,588.0,259.0,86.0,1835.0,5238.0,633.0,1590.0,1223.0,944.0,3012.0,1862.0,2946.0,12207.0,11152.0,313.0,530.0,256.0,148.0,233.0,443.0
360,2478,12244,5697,1966,1321,4242.0,1461.0,1241.0,472.0,123.0,5466.0,13002.0,1389.0,3121.0,2614.0,2535.0,7049.0,4328.0,7273.0,28316.0,25079.0,1139.0,1192.0,695.0,439.0,751.0,917.0
361,2479,1795,979,423,239,613.0,283.0,240.0,98.0,21.0,723.0,1984.0,241.0,634.0,399.0,404.0,1448.0,816.0,804.0,4735.0,4058.0,241.0,261.0,207.0,120.0,158.0,58.0
362,2480,19863,8659,2025,2283,5858.0,2362.0,1943.0,824.0,303.0,8306.0,19598.0,2309.0,5686.0,5357.0,4493.0,11692.0,6989.0,8068.0,44596.0,39514.0,1422.0,1553.0,1149.0,610.0,843.0,2165.0
363,2481,4497,2371,892,514,1378.0,524.0,470.0,112.0,27.0,3056.0,5573.0,550.0,1186.0,1069.0,1734.0,3407.0,1985.0,1831.0,11770.0,8940.0,1003.0,480.0,529.0,349.0,747.0,162.0
364,2482,2762,1013,226,312,762.0,331.0,280.0,89.0,32.0,1454.0,2953.0,303.0,841.0,522.0,507.0,1833.0,1130.0,1138.0,6276.0,5083.0,337.0,324.0,314.0,236.0,222.0,107.0
365,2483,4721,2010,493,553,1422.0,613.0,483.0,155.0,42.0,2320.0,5040.0,549.0,1259.0,1036.0,943.0,3094.0,1870.0,1864.0,10604.0,9095.0,534.0,526.0,429.0,288.0,324.0,299.0
366,2484,8423,3358,712,1100,2568.0,988.0,843.0,415.0,135.0,3239.0,8188.0,952.0,2463.0,1866.0,1602.0,4887.0,3244.0,3869.0,18874.0,16650.0,676.0,809.0,574.0,286.0,328.0,544.0
367,2485,7157,2675,575,638,2325.0,723.0,413.0,142.0,59.0,3775.0,7437.0,611.0,1090.0,1271.0,1440.0,3004.0,2124.0,4832.0,14375.0,11978.0,1075.0,1080.0,531.0,308.0,647.0,557.0
368,2486,14951,6119,1452,1662,4662.0,1678.0,1468.0,577.0,212.0,5551.0,14148.0,1540.0,3476.0,3316.0,2745.0,7183.0,4299.0,9041.0,31594.0,28134.0,1671.0,2120.0,1097.0,694.0,923.0,1437.0
369,2487,5191,2721,1106,747,1843.0,618.0,687.0,283.0,83.0,2547.0,6064.0,788.0,1665.0,1276.0,1213.0,3572.0,1978.0,2920.0,13430.0,11751.0,615.0,642.0,421.0,258.0,383.0,591.0
370,2488,1281,700,197,188,421.0,184.0,171.0,70.0,20.0,542.0,1407.0,230.0,427.0,337.0,323.0,986.0,529.0,428.0,3262.0,2870.0,156.0,152.0,116.0,74.0,101.0,135.0
371,2489,3061,1398,386,404,1031.0,370.0,454.0,159.0,56.0,992.0,3056.0,519.0,1129.0,576.0,661.0,1850.0,945.0,1679.0,7353.0,6619.0,382.0,321.0,206.0,173.0,230.0,258.0
372,2490,280,143,37,36,91.0,36.0,31.0,13.0,3.0,106.0,281.0,43.0,79.0,73.0,77.0,170.0,121.0,100.0,667.0,581.0,26.0,35.0,12.0,6.0,9.0,37.0
373,2500,16069,8369,3647,3978,5019.0,1824.0,1504.0,536.0,202.0,9027.0,18113.0,1807.0,3480.0,8276.0,7308.0,9053.0,4098.0,6497.0,40512.0,30850.0,6541.0,3090.0,1502.0,1287.0,6065.0,616.0
374,2502,5905,1911,382,917,1497.0,715.0,553.0,267.0,170.0,1942.0,5144.0,898.0,1508.0,1447.0,1559.0,3074.0,1418.0,2535.0,12433.0,10571.0,1030.0,2147.0,769.0,284.0,617.0,472.0
375,2505,2311,918,259,320,604.0,315.0,266.0,84.0,32.0,874.0,2179.0,305.0,530.0,579.0,608.0,1301.0,666.0,1024.0,5008.0,4398.0,304.0,798.0,193.0,70.0,154.0,184.0
376,2506,3433,1357,335,534,920.0,458.0,416.0,170.0,76.0,1066.0,3106.0,479.0,965.0,981.0,972.0,1873.0,1030.0,1299.0,7608.0,6741.0,412.0,832.0,407.0,159.0,198.0,407.0
377,2508,2511,2116,1212,627,860.0,555.0,724.0,248.0,60.0,696.0,3140.0,668.0,1274.0,1165.0,950.0,2744.0,1117.0,1054.0,8975.0,8154.0,387.0,308.0,280.0,217.0,258.0,215.0
378,2515,3356,2497,1742,716,1335.0,630.0,748.0,280.0,70.0,1202.0,4264.0,665.0,1604.0,1175.0,1054.0,3261.0,1633.0,1739.0,11110.0,10031.0,491.0,594.0,433.0,267.0,361.0,178.0
379,2516,1890,1291,843,391,616.0,327.0,441.0,197.0,46.0,688.0,2309.0,418.0,970.0,734.0,639.0,1830.0,754.0,771.0,6108.0,5547.0,266.0,323.0,198.0,128.0,200.0,140.0
380,2517,4877,2931,1501,856,1619.0,772.0,878.0,328.0,94.0,1808.0,5503.0,919.0,1838.0,1527.0,1477.0,3721.0,1682.0,2579.0,13732.0,12546.0,529.0,856.0,431.0,275.0,328.0,346.0
381,2518,8014,3989,1461,1239,2425.0,1064.0,1039.0,413.0,108.0,3326.0,8380.0,1119.0,2198.0,2338.0,2249.0,5019.0,2411.0,3720.0,19066.0,17091.0,1032.0,1765.0,736.0,324.0,589.0,676.0
382,2519,6805,3342,1639,1304,2144.0,1005.0,910.0,372.0,97.0,2519.0,7058.0,1003.0,1902.0,2306.0,2128.0,4331.0,1987.0,3276.0,16931.0,14609.0,1452.0,1608.0,712.0,408.0,1193.0,306.0
383,2522,186,9,0,92,0.0,0.0,0.0,0.0,0.0,0.0,0.0,0.0,0.0,267.0,32.0,6.0,0.0,0.0,300.0,206.0,89.0,0.0,0.0,9.0,81.0,7.0
384,2525,4243,2457,1202,817,1375.0,631.0,776.0,299.0,103.0,1244.0,4426.0,667.0,1622.0,1398.0,1312.0,3048.0,1324.0,2190.0,11564.0,10334.0,723.0,1055.0,433.0,356.0,570.0,181.0
385,2526,6051,3268,1501,1090,1745.0,921.0,1073.0,383.0,148.0,1567.0,5828.0,864.0,2062.0,2125.0,1759.0,4131.0,2072.0,2617.0,15629.0,14027.0,690.0,1415.0,627.0,287.0,404.0,331.0
386,2527,8077,4692,1416,1525,2430.0,1366.0,1395.0,533.0,195.0,2041.0,7954.0,1455.0,3003.0,2975.0,2700.0,5618.0,2526.0,3124.0,21381.0,19566.0,770.0,1591.0,565.0,236.0,281.0,864.0
387,2528,11031,4135,1085,1525,3266.0,1469.0,1088.0,447.0,172.0,3898.0,10339.0,1351.0,2760.0,2924.0,2561.0,5634.0,3164.0,5363.0,23773.0,20917.0,1282.0,2895.0,654.0,210.0,444.0,1126.0
388,2529,9514,5595,2387,1915,3054.0,1582.0,1795.0,653.0,229.0,2542.0,9852.0,1630.0,3755.0,3345.0,2979.0,7191.0,3214.0,3904.0,26021.0,23535.0,1193.0,2428.0,933.0,386.0,688.0,723.0
389,2530,12889,6797,2074,2232,3950.0,2031.0,1926.0,768.0,297.0,3503.0,12475.0,2126.0,4340.0,3980.0,3773.0,8338.0,3711.0,5734.0,32017.0,29133.0,1581.0,3149.0,986.0,435.0,615.0,1227.0
390,2533,5850,3549,1713,976,2336.0,864.0,817.0,358.0,95.0,2006.0,6471.0,803.0,1789.0,1706.0,1353.0,3777.0,2534.0,3678.0,15623.0,14046.0,666.0,1107.0,414.0,284.0,411.0,261.0
391,2534,2024,1265,586,287,749.0,265.0,295.0,147.0,45.0,775.0,2275.0,303.0,703.0,604.0,495.0,1359.0,904.0,1355.0,5711.0,5021.0,192.0,297.0,137.0,65.0,105.0,133.0
392,2535,3232,1530,610,358,1280.0,320.0,295.0,117.0,39.0,1312.0,3366.0,333.0,670.0,526.0,537.0,1453.0,1277.0,2540.0,7332.0,6581.0,269.0,572.0,248.0,79.0,100.0,152.0
393,2536,8518,3180,681,848,3011.0,795.0,609.0,251.0,125.0,3389.0,8174.0,758.0,1927.0,1524.0,1344.0,3843.0,2905.0,5407.0,17720.0,15730.0,603.0,1504.0,458.0,168.0,253.0,1096.0
394,2537,5820,2273,544,562,2072.0,561.0,428.0,166.0,68.0,2231.0,5531.0,418.0,1224.0,1022.0,791.0,2671.0,2270.0,3408.0,11811.0,10614.0,369.0,954.0,258.0,101.0,122.0,518.0
395,2538,1012,394,132,115,353.0,102.0,94.0,46.0,17.0,354.0,958.0,95.0,293.0,171.0,149.0,534.0,424.0,735.0,2397.0,2067.0,93.0,154.0,62.0,37.0,21.0,43.0
396,2539,9252,3040,693,904,3127.0,844.0,717.0,272.0,103.0,3305.0,8375.0,797.0,1916.0,1430.0,1361.0,3945.0,3180.0,5366.0,17978.0,16206.0,605.0,1284.0,421.0,156.0,260.0,589.0
397,2541,11471,4490,1104,1331,3399.0,1422.0,1057.0,461.0,195.0,4735.0,11269.0,1627.0,3194.0,3008.0,3086.0,5677.0,3417.0,5619.0,25642.0,22584.0,1019.0,1455.0,592.0,301.0,627.0,2225.0
398,2545,538,194,34,59,188.0,56.0,36.0,15.0,16.0,184.0,479.0,46.0,95.0,92.0,68.0,273.0,233.0,256.0,1042.0,947.0,27.0,75.0,22.0,9.0,10.0,111.0
399,2546,4753,1489,330,404,1698.0,366.0,245.0,111.0,54.0,1997.0,4465.0,346.0,814.0,585.0,537.0,1757.0,1947.0,3142.0,9118.0,8126.0,283.0,738.0,261.0,88.0,70.0,435.0
400,2548,3774,1626,394,317,1391.0,361.0,240.0,92.0,34.0,1595.0,3708.0,279.0,694.0,655.0,566.0,1612.0,1332.0,2589.0,7736.0,6872.0,311.0,634.0,231.0,87.0,144.0,141.0
401,2549,1704,745,167,182,615.0,182.0,179.0,52.0,29.0,592.0,1644.0,156.0,506.0,317.0,249.0,975.0,662.0,924.0,3788.0,3452.0,95.0,203.0,73.0,32.0,55.0,72.0
402,2550,6994,3155,746,859,2411.0,778.0,665.0,281.0,135.0,2752.0,7020.0,781.0,2025.0,1560.0,1253.0,3961.0,2986.0,3299.0,15857.0,14202.0,438.0,808.0,415.0,134.0,180.0,516.0
403,2551,1694,586,119,186,534.0,172.0,105.0,57.0,18.0,762.0,1653.0,176.0,359.0,305.0,277.0,767.0,627.0,987.0,3502.0,3093.0,128.0,232.0,76.0,19.0,37.0,247.0
404,2555,95,44,5,20,18.0,9.0,11.0,9.0,3.0,26.0,82.0,12.0,37.0,18.0,32.0,62.0,36.0,28.0,229.0,204.0,9.0,25.0,21.0,9.0,5.0,4.0
405,2556,867,593,170,266,243.0,128.0,148.0,87.0,48.0,185.0,847.0,140.0,319.0,402.0,287.0,660.0,336.0,358.0,2509.0,2262.0,106.0,261.0,167.0,52.0,30.0,34.0
406,2557,2413,2317,770,773,887.0,549.0,536.0,289.0,113.0,661.0,3025.0,814.0,1248.0,1202.0,1738.0,2279.0,811.0,863.0,8948.0,7657.0,609.0,563.0,634.0,363.0,468.0,176.0
407,2558,3878,3033,615,877,1088.0,834.0,709.0,320.0,150.0,918.0,4013.0,756.0,1521.0,1720.0,1732.0,2917.0,1487.0,973.0,11115.0,9984.0,746.0,578.0,1120.0,547.0,499.0,423.0
408,2559,1047,261,49,253,196.0,151.0,116.0,82.0,82.0,384.0,1011.0,281.0,691.0,585.0,371.0,672.0,245.0,207.0,3070.0,2161.0,275.0,78.0,218.0,171.0,140.0,231.0
409,2560,27187,17882,4197,6243,8389.0,4860.0,4158.0,1910.0,1119.0,8776.0,29219.0,5484.0,10754.0,10825.0,11294.0,19208.0,8858.0,10086.0,76525.0,65190.0,6579.0,4259.0,6424.0,3511.0,4873.0,3439.0
410,2563,95,74,18,30,40.0,18.0,19.0,4.0,4.0,27.0,114.0,12.0,55.0,40.0,44.0,70.0,42.0,41.0,305.0,267.0,12.0,26.0,0.0,10.0,0.0,12.0
411,2564,5189,2768,460,1349,1234.0,907.0,879.0,329.0,219.0,1689.0,5263.0,993.0,2177.0,1917.0,1819.0,3794.0,1526.0,1703.0,13925.0,11139.0,1739.0,689.0,1499.0,1228.0,1732.0,569.0
412,2565,6560,4849,1289,1887,2007.0,1322.0,1252.0,502.0,251.0,2186.0,7519.0,1558.0,2556.0,2676.0,3211.0,5338.0,2424.0,2223.0,19985.0,16042.0,2598.0,1072.0,2031.0,1791.0,2613.0,411.0
413,2566,9025,6468,1307,2528,2520.0,1727.0,1799.0,727.0,372.0,2281.0,9434.0,1976.0,3730.0,3717.0,3987.0,6982.0,3395.0,2524.0,26323.0,22203.0,2830.0,1317.0,2775.0,2107.0,2840.0,870.0
414,2567,10678,9841,3963,2871,3356.0,2426.0,3006.0,1287.0,471.0,2524.0,13076.0,3071.0,6554.0,5519.0,5018.0,11730.0,3570.0,3032.0,38501.0,35082.0,1891.0,1723.0,2173.0,1161.0,1279.0,1050.0
415,2568,463,225,132,57,143.0,57.0,60.0,37.0,6.0,104.0,407.0,44.0,105.0,142.0,96.0,252.0,121.0,370.0,1146.0,1076.0,28.0,73.0,26.0,13.0,5.0,10.0
416,2569,442,308,151,96,173.0,79.0,79.0,40.0,16.0,111.0,500.0,77.0,191.0,166.0,128.0,383.0,231.0,182.0,1360.0,1225.0,57.0,91.0,47.0,16.0,15.0,47.0
417,2570,11296,10180,4384,2597,4238.0,2458.0,2577.0,1187.0,445.0,3562.0,14471.0,3127.0,5997.0,4799.0,5907.0,10492.0,4312.0,5458.0,40102.0,36067.0,1840.0,2016.0,1577.0,786.0,1223.0,980.0
418,2571,3339,2895,1386,826,1267.0,674.0,821.0,390.0,118.0,963.0,4237.0,895.0,1848.0,1514.0,1523.0,3412.0,1420.0,1236.0,11851.0,10895.0,403.0,597.0,395.0,157.0,172.0,331.0
419,2572,1515,953,382,305,507.0,244.0,242.0,133.0,54.0,467.0,1654.0,286.0,601.0,542.0,486.0,1150.0,563.0,857.0,4476.0,4055.0,159.0,298.0,137.0,65.0,40.0,150.0
420,2573,1832,1101,308,350,581.0,324.0,283.0,126.0,57.0,606.0,1975.0,386.0,711.0,662.0,649.0,1279.0,605.0,766.0,5068.0,4539.0,185.0,277.0,148.0,68.0,84.0,229.0
421,2574,2060,1308,413,392,682.0,317.0,325.0,165.0,83.0,605.0,2177.0,366.0,852.0,690.0,616.0,1579.0,710.0,935.0,5740.0,5165.0,223.0,360.0,163.0,56.0,69.0,201.0
422,2575,5718,3315,1193,1083,1989.0,876.0,793.0,337.0,142.0,2110.0,6252.0,887.0,2062.0,1851.0,1606.0,3970.0,2035.0,3068.0,15477.0,13683.0,728.0,1023.0,515.0,192.0,373.0,429.0
423,2576,5064,2781,1616,862,2202.0,606.0,595.0,268.0,89.0,2040.0,5795.0,524.0,1592.0,1150.0,734.0,2920.0,1803.0,4705.0,13433.0,11924.0,649.0,1232.0,556.0,264.0,390.0,131.0
424,2577,5780,3336,1269,937,2230.0,748.0,702.0,333.0,99.0,2380.0,6500.0,804.0,1989.0,1630.0,1414.0,3807.0,2260.0,3519.0,15416.0,13407.0,853.0,1048.0,496.0,224.0,483.0,341.0
425,2578,1182,571,198,153,476.0,111.0,106.0,46.0,17.0,443.0,1194.0,94.0,280.0,202.0,132.0,567.0,450.0,976.0,2688.0,2428.0,127.0,255.0,119.0,42.0,39.0,31.0
426,2579,1667,757,331,238,638.0,210.0,168.0,84.0,38.0,567.0,1717.0,205.0,554.0,348.0,324.0,1044.0,616.0,931.0,4024.0,3648.0,148.0,315.0,138.0,41.0,36.0,102.0
427,2580,11047,6263,1946,1659,3851.0,1535.0,1287.0,561.0,254.0,4790.0,12280.0,1723.0,3524.0,3365.0,3486.0,7499.0,3939.0,5669.0,29221.0,25591.0,1062.0,1000.0,479.0,248.0,806.0,1150.0
428,2581,669,502,232,114,280.0,109.0,123.0,47.0,18.0,287.0,866.0,171.0,259.0,198.0,216.0,598.0,297.0,346.0,2093.0,1915.0,45.0,89.0,44.0,25.0,24.0,34.0
429,2582,3636,2952,1651,647,1602.0,624.0,712.0,333.0,103.0,1509.0,4885.0,793.0,1824.0,1323.0,1160.0,3612.0,1686.0,2056.0,12439.0,11365.0,286.0,499.0,270.0,181.0,229.0,344.0
430,2583,1866,860,238,247,663.0,205.0,182.0,81.0,37.0,778.0,1949.0,214.0,492.0,438.0,343.0,1034.0,716.0,1153.0,4384.0,3915.0,90.0,139.0,47.0,10.0,35.0,115.0
431,2584,220,121,36,31,79.0,34.0,20.0,14.0,4.0,85.0,238.0,36.0,74.0,35.0,58.0,135.0,83.0,117.0,543.0,496.0,11.0,28.0,6.0,3.0,0.0,15.0
432,2585,102,49,3,8,27.0,8.0,14.0,11.0,0.0,53.0,106.0,20.0,33.0,19.0,16.0,46.0,41.0,40.0,226.0,201.0,3.0,4.0,0.0,3.0,3.0,11.0
433,2586,1097,522,157,199,406.0,117.0,98.0,61.0,17.0,508.0,1208.0,114.0,300.0,303.0,198.0,644.0,442.0,616.0,2620.0,2378.0,59.0,69.0,39.0,12.0,30.0,90.0
434,2587,1311,547,120,157,471.0,110.0,118.0,56.0,31.0,508.0,1297.0,171.0,336.0,256.0,256.0,652.0,413.0,821.0,2917.0,2676.0,60.0,115.0,25.0,15.0,38.0,186.0
435,2588,107,53,37,16,43.0,15.0,11.0,8.0,0.0,36.0,118.0,8.0,38.0,17.0,14.0,77.0,57.0,66.0,259.0,240.0,3.0,11.0,8.0,0.0,0.0,17.0
436,2590,3310,1288,331,349,1130.0,318.0,272.0,143.0,46.0,1268.0,3169.0,349.0,858.0,667.0,599.0,1569.0,1083.0,1974.0,7091.0,6498.0,156.0,212.0,77.0,30.0,96.0,395.0
437,2594,5142,2049,527,605,1509.0,584.0,490.0,279.0,131.0,1889.0,4883.0,756.0,1723.0,1367.0,1166.0,2811.0,1432.0,2419.0,11669.0,10648.0,245.0,253.0,143.0,84.0,171.0,484.0
438,2619,1823,2324,2176,592,888.0,559.0,772.0,337.0,87.0,636.0,3286.0,612.0,1668.0,1329.0,938.0,3387.0,942.0,641.0,9508.0,8853.0,292.0,432.0,412.0,280.0,347.0,151.0
439,2621,1313,1528,1089,345,717.0,359.0,411.0,154.0,48.0,565.0,2250.0,412.0,938.0,659.0,609.0,1965.0,803.0,666.0,6056.0,5423.0,160.0,284.0,188.0,97.0,129.0,124.0
440,2622,1472,771,308,235,586.0,184.0,151.0,68.0,25.0,773.0,1781.0,201.0,443.0,316.0,308.0,1034.0,706.0,920.0,3921.0,3303.0,136.0,194.0,125.0,40.0,73.0,71.0
441,2623,169,173,49,38,79.0,36.0,29.0,7.0,6.0,117.0,272.0,50.0,75.0,54.0,85.0,188.0,77.0,68.0,613.0,536.0,24.0,44.0,21.0,11.0,14.0,20.0
442,2625,87,120,21,8,35.0,8.0,6.0,0.0,0.0,667.0,717.0,4.0,37.0,40.0,78.0,134.0,57.0,24.0,390.0,251.0,29.0,18.0,11.0,10.0,18.0,3.0
443,2626,152,121,49,24,63.0,16.0,29.0,17.0,0.0,56.0,183.0,25.0,70.0,51.0,46.0,156.0,87.0,68.0,505.0,438.0,11.0,32.0,16.0,0.0,3.0,3.0
444,2627,1519,1278,390,170,529.0,198.0,227.0,75.0,13.0,1603.0,2646.0,195.0,635.0,659.0,694.0,1390.0,546.0,491.0,4621.0,3951.0,295.0,203.0,138.0,72.0,188.0,57.0
445,2628,772,422,115,93,264.0,101.0,92.0,41.0,15.0,361.0,871.0,108.0,255.0,169.0,181.0,523.0,310.0,352.0,1910.0,1742.0,64.0,110.0,48.0,16.0,15.0,30.0
446,2629,252,95,32,25,101.0,16.0,13.0,3.0,4.0,180.0,320.0,15.0,47.0,36.0,35.0,114.0,102.0,191.0,530.0,441.0,23.0,74.0,15.0,0.0,8.0,9.0
447,2630,3499,1801,563,423,1239.0,447.0,332.0,149.0,60.0,1636.0,3861.0,406.0,1000.0,954.0,882.0,2266.0,1211.0,1972.0,8689.0,7481.0,320.0,609.0,233.0,109.0,136.0,265.0
448,2631,239,112,45,46,90.0,23.0,23.0,13.0,3.0,116.0,270.0,27.0,72.0,58.0,47.0,138.0,101.0,125.0,570.0,522.0,13.0,36.0,10.0,0.0,0.0,11.0
449,2632,749,416,81,95,259.0,95.0,75.0,32.0,14.0,335.0,814.0,111.0,217.0,167.0,175.0,454.0,286.0,433.0,1833.0,1654.0,47.0,78.0,30.0,9.0,21.0,31.0
450,2633,178,65,24,20,59.0,12.0,12.0,5.0,0.0,104.0,192.0,19.0,33.0,32.0,34.0,74.0,83.0,108.0,380.0,337.0,7.0,12.0,3.0,3.0,0.0,18.0
451,2640,13149,8718,2754,1889,4525.0,1824.0,1809.0,726.0,236.0,6189.0,15313.0,2355.0,4585.0,4850.0,4545.0,9227.0,4436.0,6343.0,36343.0,32270.0,1416.0,1182.0,663.0,445.0,1293.0,842.0
452,2641,6778,3023,477,788,2005.0,827.0,617.0,251.0,107.0,3091.0,6891.0,937.0,1780.0,1936.0,1970.0,3564.0,2010.0,2873.0,15073.0,13056.0,892.0,561.0,252.0,141.0,864.0,576.0
453,2642,1706,1091,264,250,621.0,226.0,237.0,130.0,64.0,580.0,1863.0,306.0,791.0,495.0,426.0,1272.0,771.0,727.0,4791.0,4348.0,98.0,147.0,59.0,26.0,42.0,143.0
454,2643,1203,566,106,119,416.0,124.0,120.0,57.0,19.0,460.0,1193.0,162.0,334.0,270.0,216.0,613.0,441.0,727.0,2771.0,2426.0,83.0,125.0,40.0,21.0,45.0,53.0
455,2644,961,486,144,122,355.0,93.0,100.0,53.0,28.0,411.0,1039.0,146.0,311.0,222.0,217.0,557.0,371.0,592.0,2400.0,2181.0,53.0,52.0,23.0,13.0,26.0,58.0
456,2645,177,76,13,13,51.0,19.0,15.0,7.0,5.0,87.0,177.0,12.0,55.0,37.0,18.0,95.0,73.0,113.0,400.0,321.0,12.0,9.0,0.0,3.0,3.0,14.0
457,2646,2812,1428,306,380,1038.0,305.0,272.0,135.0,48.0,1220.0,3018.0,331.0,829.0,721.0,559.0,1515.0,1023.0,1785.0,6755.0,6109.0,148.0,208.0,84.0,48.0,81.0,112.0
458,2647,970,454,80,87,374.0,73.0,82.0,39.0,17.0,463.0,1048.0,115.0,222.0,162.0,177.0,464.0,309.0,707.0,2163.0,1938.0,66.0,89.0,17.0,8.0,19.0,14.0
459,2648,1093,411,106,108,364.0,105.0,78.0,30.0,14.0,516.0,1108.0,122.0,210.0,221.0,203.0,529.0,439.0,653.0,2375.0,2043.0,47.0,54.0,42.0,7.0,18.0,156.0
460,2649,13,0,0,0,4.0,0.0,0.0,0.0,0.0,3.0,15.0,4.0,0.0,0.0,6.0,3.0,3.0,10.0,31.0,29.0,0.0,0.0,0.0,0.0,0.0,0.0
461,2650,20470,13712,4304,3085,7089.0,2939.0,2697.0,1379.0,520.0,8774.0,23402.0,3857.0,7822.0,7986.0,7773.0,13868.0,6720.0,8957.0,56973.0,50867.0,2727.0,1078.0,656.0,750.0,2700.0,3244.0
462,2651,720,687,99,112,238.0,113.0,115.0,59.0,19.0,248.0,784.0,172.0,347.0,434.0,416.0,559.0,180.0,160.0,2274.0,2073.0,75.0,29.0,30.0,46.0,106.0,162.0
463,2652,1700,988,285,256,600.0,246.0,196.0,105.0,53.0,672.0,1877.0,300.0,632.0,524.0,464.0,1228.0,674.0,765.0,4584.0,4056.0,113.0,95.0,38.0,26.0,57.0,209.0
464,2653,999,492,126,131,379.0,107.0,84.0,45.0,24.0,406.0,1044.0,148.0,266.0,236.0,278.0,647.0,393.0,563.0,2532.0,2107.0,80.0,65.0,30.0,20.0,44.0,127.0
465,2655,490,272,70,76,165.0,59.0,74.0,28.0,18.0,191.0,532.0,95.0,175.0,128.0,118.0,315.0,211.0,286.0,1336.0,1209.0,18.0,24.0,13.0,16.0,9.0,35.0
466,2656,547,248,77,47,181.0,54.0,50.0,24.0,16.0,231.0,553.0,76.0,166.0,128.0,97.0,273.0,188.0,333.0,1271.0,1156.0,16.0,24.0,13.0,3.0,0.0,63.0
467,2658,613,251,61,81,196.0,57.0,43.0,44.0,28.0,237.0,599.0,89.0,234.0,141.0,106.0,308.0,205.0,368.0,1435.0,1308.0,32.0,34.0,25.0,7.0,22.0,62.0
468,2659,345,159,39,77,115.0,40.0,45.0,22.0,9.0,123.0,346.0,56.0,137.0,113.0,72.0,209.0,126.0,174.0,889.0,820.0,20.0,24.0,7.0,11.0,7.0,24.0
469,2660,645,285,88,103,213.0,71.0,70.0,42.0,23.0,234.0,653.0,86.0,275.0,185.0,142.0,361.0,222.0,340.0,1616.0,1456.0,51.0,43.0,34.0,15.0,27.0,66.0
470,2661,242,165,47,7,16.0,7.0,15.0,4.0,0.0,6.0,50.0,29.0,33.0,310.0,180.0,76.0,3.0,0.0,629.0,520.0,4.0,0.0,19.0,19.0,35.0,25.0
471,2663,1746,840,206,225,523.0,216.0,188.0,90.0,48.0,720.0,1783.0,272.0,616.0,631.0,768.0,1393.0,664.0,834.0,5183.0,3739.0,190.0,74.0,48.0,35.0,123.0,451.0
472,2665,872,390,122,124,299.0,92.0,85.0,56.0,34.0,377.0,938.0,134.0,319.0,191.0,167.0,566.0,338.0,513.0,2226.0,1970.0,28.0,34.0,24.0,13.0,12.0,72.0
473,2666,2534,1054,283,301,822.0,273.0,221.0,132.0,66.0,898.0,2410.0,332.0,746.0,609.0,531.0,1303.0,792.0,1370.0,5671.0,5271.0,79.0,113.0,44.0,16.0,64.0,128.0
474,2668,214,57,17,26,63.0,19.0,24.0,13.0,3.0,73.0,194.0,31.0,72.0,45.0,30.0,116.0,82.0,84.0,457.0,408.0,9.0,18.0,6.0,0.0,0.0,32.0
475,2669,613,350,87,96,232.0,62.0,56.0,52.0,24.0,311.0,731.0,110.0,239.0,160.0,112.0,440.0,262.0,329.0,1653.0,1482.0,19.0,33.0,10.0,7.0,15.0,56.0
476,2671,1505,756,270,225,573.0,169.0,125.0,97.0,55.0,775.0,1792.0,243.0,581.0,424.0,459.0,915.0,565.0,915.0,4111.0,3503.0,108.0,42.0,33.0,23.0,115.0,208.0
477,2672,637,238,62,107,190.0,69.0,67.0,43.0,13.0,264.0,645.0,128.0,223.0,195.0,188.0,333.0,195.0,311.0,1576.0,1355.0,27.0,22.0,13.0,15.0,27.0,328.0
478,2675,561,347,96,74,213.0,75.0,62.0,25.0,13.0,301.0,683.0,107.0,189.0,194.0,222.0,409.0,212.0,255.0,1564.0,1269.0,144.0,23.0,18.0,9.0,113.0,135.0
479,2678,258,6,4,70,0.0,0.0,0.0,0.0,0.0,3.0,3.0,0.0,0.0,307.0,17.0,0.0,0.0,0.0,334.0,312.0,17.0,0.0,4.0,11.0,19.0,11.0
480,2680,8360,5278,1329,1384,2622.0,1162.0,1259.0,613.0,251.0,3435.0,9331.0,1680.0,3304.0,2969.0,3342.0,5950.0,2820.0,3867.0,23942.0,19367.0,2271.0,1145.0,501.0,761.0,1930.0,1176.0
481,2681,629,402,74,88,210.0,89.0,76.0,56.0,16.0,240.0,685.0,109.0,261.0,189.0,177.0,488.0,228.0,264.0,1732.0,1510.0,63.0,56.0,22.0,27.0,43.0,53.0
482,2700,2055,904,184,226,634.0,226.0,198.0,99.0,37.0,968.0,2167.0,303.0,636.0,537.0,472.0,1130.0,711.0,1129.0,4925.0,4283.0,132.0,86.0,36.0,18.0,91.0,503.0
483,2701,812,525,140,131,289.0,121.0,100.0,61.0,40.0,309.0,913.0,146.0,378.0,274.0,183.0,576.0,294.0,537.0,2388.0,2133.0,23.0,39.0,13.0,19.0,6.0,64.0
484,2702,296,134,28,61,108.0,35.0,30.0,24.0,8.0,112.0,314.0,48.0,122.0,62.0,63.0,182.0,102.0,195.0,781.0,709.0,10.0,6.0,9.0,9.0,3.0,40.0
485,2703,332,130,20,172,77.0,34.0,20.0,14.0,5.0,133.0,288.0,38.0,221.0,271.0,61.0,161.0,102.0,132.0,981.0,894.0,11.0,13.0,13.0,3.0,5.0,48.0
486,2705,3806,2201,502,605,1264.0,507.0,455.0,238.0,99.0,1640.0,4199.0,666.0,1373.0,1270.0,1131.0,2528.0,1312.0,1877.0,10156.0,8757.0,442.0,291.0,98.0,94.0,328.0,589.0
487,2706,447,273,29,51,152.0,65.0,57.0,25.0,12.0,197.0,504.0,63.0,180.0,125.0,131.0,318.0,152.0,189.0,1155.0,1002.0,42.0,20.0,8.0,4.0,31.0,190.0
488,2707,436,308,90,90,142.0,68.0,46.0,42.0,13.0,228.0,549.0,91.0,204.0,175.0,149.0,354.0,166.0,222.0,1344.0,1189.0,36.0,18.0,6.0,17.0,27.0,54.0
489,2710,4169,2067,501,535,1478.0,441.0,398.0,200.0,66.0,2018.0,4610.0,558.0,1230.0,1073.0,961.0,2386.0,1594.0,2315.0,10124.0,8911.0,310.0,237.0,71.0,63.0,213.0,398.0
490,2711,1260,701,185,198,467.0,147.0,120.0,73.0,29.0,695.0,1528.0,171.0,419.0,371.0,364.0,844.0,502.0,686.0,3361.0,2853.0,124.0,66.0,34.0,12.0,95.0,190.0
491,2712,602,255,54,77,178.0,48.0,56.0,21.0,10.0,304.0,613.0,64.0,151.0,132.0,114.0,300.0,210.0,406.0,1358.0,1181.0,21.0,40.0,24.0,9.0,3.0,29.0
492,2713,1208,506,109,158,400.0,108.0,95.0,55.0,35.0,560.0,1243.0,162.0,344.0,296.0,255.0,593.0,448.0,708.0,2797.0,2421.0,116.0,81.0,17.0,23.0,72.0,86.0
493,2714,1336,446,118,128,470.0,112.0,87.0,40.0,20.0,568.0,1297.0,163.0,300.0,193.0,214.0,517.0,447.0,945.0,2767.0,2462.0,97.0,137.0,33.0,29.0,46.0,54.0
494,2715,577,293,54,108,206.0,66.0,50.0,48.0,15.0,306.0,691.0,96.0,191.0,160.0,133.0,365.0,241.0,281.0,1478.0,1321.0,37.0,27.0,6.0,8.0,24.0,174.0
495,2716,445,237,47,58,151.0,51.0,42.0,18.0,8.0,212.0,489.0,52.0,137.0,102.0,118.0,256.0,198.0,247.0,1102.0,906.0,54.0,32.0,7.0,9.0,27.0,39.0
496,2717,582,186,42,80,180.0,66.0,48.0,31.0,12.0,212.0,552.0,74.0,166.0,174.0,129.0,340.0,207.0,260.0,1333.0,1152.0,24.0,26.0,13.0,6.0,8.0,358.0
497,2720,3058,1598,493,480,1106.0,384.0,390.0,154.0,60.0,1358.0,3451.0,459.0,1067.0,843.0,795.0,1990.0,1126.0,1721.0,8010.0,6961.0,256.0,205.0,110.0,63.0,194.0,353.0
498,2721,104,45,8,8,27.0,11.0,8.0,7.0,3.0,38.0,97.0,13.0,30.0,19.0,18.0,63.0,31.0,66.0,239.0,200.0,7.0,12.0,0.0,0.0,0.0,6.0
499,2722,1338,603,169,180,450.0,161.0,118.0,70.0,40.0,541.0,1389.0,193.0,435.0,369.0,303.0,754.0,457.0,690.0,3207.0,2919.0,61.0,53.0,22.0,19.0,41.0,146.0
500,2725,154,66,20,31,59.0,18.0,14.0,9.0,0.0,69.0,166.0,20.0,51.0,17.0,21.0,88.0,60.0,105.0,373.0,340.0,10.0,13.0,3.0,0.0,0.0,5.0
501,2726,95,49,17,10,34.0,8.0,7.0,3.0,0.0,43.0,94.0,11.0,26.0,23.0,16.0,56.0,49.0,36.0,219.0,200.0,10.0,9.0,6.0,0.0,0.0,3.0
502,2727,114,76,19,24,36.0,13.0,22.0,11.0,8.0,48.0,136.0,22.0,67.0,40.0,41.0,83.0,46.0,53.0,352.0,324.0,4.0,0.0,4.0,0.0,0.0,3.0
503,2729,645,356,106,113,234.0,70.0,97.0,37.0,19.0,243.0,707.0,97.0,264.0,162.0,128.0,447.0,251.0,356.0,1696.0,1560.0,28.0,41.0,18.0,6.0,13.0,55.0
504,2730,664,272,48,79,241.0,48.0,47.0,24.0,7.0,279.0,647.0,65.0,132.0,117.0,147.0,302.0,241.0,370.0,1385.0,1163.0,102.0,81.0,26.0,15.0,79.0,38.0
505,2731,2696,1348,373,323,966.0,281.0,299.0,138.0,36.0,1051.0,2773.0,359.0,768.0,568.0,674.0,1422.0,849.0,1766.0,6407.0,5768.0,218.0,223.0,73.0,43.0,138.0,234.0
506,2732,849,309,88,92,289.0,61.0,54.0,23.0,12.0,404.0,850.0,83.0,169.0,137.0,118.0,366.0,324.0,571.0,1776.0,1593.0,27.0,52.0,8.0,7.0,26.0,41.0
507,2733,245,103,15,23,85.0,30.0,16.0,7.0,5.0,126.0,270.0,42.0,67.0,35.0,58.0,121.0,107.0,135.0,541.0,468.0,17.0,7.0,0.0,0.0,19.0,18.0
508,2734,167,105,28,29,56.0,17.0,17.0,13.0,4.0,58.0,170.0,23.0,67.0,61.0,19.0,120.0,97.0,83.0,456.0,396.0,8.0,0.0,4.0,0.0,5.0,7.0
509,2735,202,62,5,45,63.0,19.0,18.0,9.0,10.0,53.0,178.0,17.0,62.0,58.0,43.0,105.0,92.0,72.0,446.0,403.0,6.0,3.0,0.0,8.0,0.0,6.0
510,2736,161,58,17,26,63.0,11.0,13.0,13.0,0.0,76.0,171.0,26.0,33.0,32.0,43.0,93.0,53.0,102.0,375.0,306.0,28.0,22.0,6.0,0.0,17.0,3.0
511,2737,251,167,29,55,87.0,35.0,25.0,34.0,17.0,148.0,342.0,55.0,160.0,109.0,94.0,205.0,136.0,83.0,839.0,684.0,37.0,22.0,10.0,10.0,27.0,40.0
512,2738,536,376,154,82,206.0,78.0,106.0,53.0,19.0,183.0,633.0,123.0,271.0,168.0,172.0,464.0,203.0,263.0,1661.0,1529.0,30.0,32.0,19.0,13.0,9.0,29.0
513,2739,508,275,94,89,158.0,71.0,70.0,34.0,8.0,308.0,646.0,100.0,197.0,167.0,170.0,363.0,192.0,223.0,1397.0,1208.0,42.0,49.0,19.0,9.0,21.0,97.0
514,2745,7826,7804,3363,2162,2666.0,1909.0,2141.0,949.0,387.0,2063.0,10113.0,2227.0,4767.0,4195.0,4206.0,8506.0,3064.0,2551.0,29503.0,26506.0,1508.0,1552.0,1758.0,1022.0,1068.0,708.0
515,2747,13639,11214,2728,3028,4627.0,2799.0,2415.0,1046.0,472.0,4963.0,16318.0,3644.0,5720.0,5666.0,7462.0,10928.0,4431.0,4580.0,42421.0,36247.0,3657.0,2252.0,2184.0,1686.0,3364.0,1914.0
516,2748,640,463,195,166,190.0,112.0,111.0,63.0,38.0,124.0,628.0,61.0,225.0,332.0,190.0,525.0,224.0,317.0,1879.0,1725.0,55.0,245.0,124.0,34.0,22.0,25.0
517,2749,4962,4476,1433,1201,1730.0,1098.0,1120.0,439.0,233.0,1528.0,6144.0,1407.0,2464.0,2526.0,2677.0,4559.0,1880.0,1412.0,16933.0,15128.0,808.0,891.0,789.0,361.0,437.0,823.0
518,2750,15425,11285,3548,2942,5428.0,2683.0,2435.0,948.0,383.0,6713.0,18590.0,2970.0,5615.0,5449.0,6571.0,11630.0,5147.0,7421.0,44806.0,39060.0,2910.0,3013.0,2087.0,1105.0,1933.0,1756.0
519,2752,1508,1322,407,327,451.0,304.0,333.0,171.0,64.0,384.0,1701.0,309.0,764.0,722.0,567.0,1398.0,633.0,522.0,4924.0,4505.0,170.0,292.0,141.0,39.0,36.0,177.0
520,2753,6049,4067,1302,1212,1855.0,976.0,867.0,451.0,208.0,2253.0,6604.0,916.0,2260.0,2474.0,2120.0,4500.0,2038.0,2830.0,17134.0,15154.0,812.0,1098.0,503.0,295.0,430.0,653.0
521,2754,2095,1379,451,408,694.0,358.0,304.0,135.0,56.0,661.0,2211.0,351.0,723.0,767.0,686.0,1409.0,707.0,1059.0,5695.0,5183.0,224.0,358.0,148.0,72.0,104.0,240.0
522,2755,20,101,29,3,0.0,0.0,0.0,0.0,0.0,0.0,0.0,11.0,24.0,108.0,56.0,58.0,5.0,0.0,260.0,165.0,0.0,4.0,5.0,7.0,3.0,3.0
523,2756,10818,8726,2788,2153,3580.0,2133.0,2133.0,920.0,338.0,3769.0,12877.0,2481.0,4803.0,4711.0,4697.0,9466.0,3926.0,3844.0,33934.0,30557.0,1304.0,1608.0,1016.0,467.0,561.0,1436.0
524,2757,298,218,81,62,109.0,45.0,49.0,18.0,16.0,70.0,313.0,36.0,134.0,116.0,69.0,223.0,115.0,166.0,851.0,781.0,28.0,69.0,24.0,18.0,4.0,21.0
525,2758,2568,2156,974,631,1022.0,450.0,535.0,268.0,92.0,829.0,3192.0,452.0,1217.0,1127.0,724.0,2587.0,1277.0,1322.0,8718.0,7754.0,274.0,516.0,277.0,127.0,78.0,200.0
526,2759,8053,7522,1796,2244,2561.0,1794.0,1890.0,748.0,323.0,1932.0,9255.0,1765.0,3624.0,4015.0,3847.0,7136.0,3725.0,2212.0,26331.0,23135.0,1843.0,1498.0,2461.0,1294.0,1207.0,734.0
527,2760,11381,8156,1356,2686,3497.0,2125.0,1739.0,822.0,455.0,4559.0,13197.0,2969.0,4572.0,4566.0,5857.0,8524.0,3319.0,4022.0,33832.0,27179.0,4049.0,1898.0,2306.0,2132.0,3825.0,1507.0
528,2761,9004,8171,1679,3343,2129.0,2015.0,2295.0,1119.0,489.0,2060.0,10102.0,2350.0,4984.0,4948.0,4514.0,8956.0,3077.0,2141.0,30954.0,26136.0,3243.0,932.0,4816.0,3505.0,3583.0,744.0
529,2762,1313,1304,492,413,455.0,352.0,358.0,135.0,62.0,430.0,1786.0,481.0,740.0,618.0,933.0,1403.0,423.0,386.0,4979.0,4144.0,568.0,226.0,291.0,299.0,655.0,100.0
530,2763,8515,8276,2882,2907,2624.0,2152.0,2530.0,890.0,319.0,2197.0,10720.0,2533.0,4613.0,4145.0,4811.0,9108.0,3118.0,2538.0,30875.0,25958.0,3709.0,1216.0,3330.0,3048.0,4067.0,517.0
531,2765,5013,3646,1166,1159,1565.0,970.0,819.0,408.0,215.0,1708.0,5695.0,989.0,2001.0,2210.0,2335.0,4492.0,1835.0,2268.0,16112.0,13141.0,859.0,990.0,599.0,393.0,571.0,725.0
532,2766,5232,3917,710,1677,1247.0,937.0,999.0,492.0,259.0,1221.0,5151.0,1073.0,2092.0,2269.0,2279.0,4089.0,1740.0,2005.0,15536.0,12462.0,2237.0,836.0,2118.0,1877.0,2445.0,261.0
533,2767,7297,5611,1351,2460,1935.0,1631.0,1540.0,650.0,318.0,1908.0,7981.0,1558.0,3128.0,3299.0,3470.0,6141.0,2700.0,2220.0,22526.0,18534.0,2960.0,920.0,3611.0,2751.0,3455.0,783.0
534,2768,6857,6563,3737,3111,1928.0,1794.0,2536.0,922.0,321.0,1587.0,9084.0,2026.0,4641.0,4043.0,3764.0,9492.0,2623.0,2150.0,28760.0,23617.0,3258.0,878.0,3645.0,4093.0,3846.0,344.0
535,2769,2159,2783,1875,1091,802.0,824.0,1137.0,352.0,107.0,601.0,3828.0,1368.0,2076.0,1083.0,2071.0,3837.0,741.0,561.0,11732.0,9610.0,1597.0,272.0,1064.0,1759.0,2206.0,66.0
536,2770,23014,11000,1541,5726,5319.0,3774.0,3063.0,1755.0,1343.0,6942.0,22187.0,5190.0,10025.0,9399.0,8688.0,15061.0,6018.0,6916.0,61302.0,47911.0,8490.0,2853.0,5504.0,4820.0,7313.0,4180.0
537,2773,1809,1387,972,382,704.0,310.0,395.0,185.0,52.0,593.0,2237.0,300.0,862.0,750.0,472.0,1719.0,867.0,1033.0,6009.0,5507.0,204.0,353.0,254.0,112.0,117.0,85.0
538,2774,4089,3193,1682,805,1601.0,835.0,844.0,339.0,119.0,1167.0,4900.0,835.0,1836.0,1528.0,1394.0,3510.0,1783.0,2058.0,12931.0,11972.0,475.0,808.0,521.0,224.0,254.0,280.0
539,2775,584,277,87,76,199.0,61.0,47.0,20.0,4.0,425.0,762.0,44.0,135.0,123.0,97.0,456.0,267.0,372.0,1492.0,1145.0,74.0,98.0,63.0,31.0,18.0,47.0
540,2776,1276,1044,457,255,519.0,254.0,247.0,112.0,35.0,395.0,1555.0,259.0,573.0,486.0,422.0,1098.0,588.0,596.0,4026.0,3744.0,146.0,267.0,166.0,65.0,58.0,77.0
541,2777,5940,4120,2101,1123,2218.0,1021.0,1031.0,475.0,161.0,1931.0,6833.0,960.0,2405.0,2072.0,1569.0,4704.0,2488.0,3411.0,17606.0,16250.0,669.0,1316.0,736.0,282.0,273.0,389.0
542,2778,842,572,270,194,336.0,147.0,139.0,61.0,16.0,283.0,977.0,117.0,314.0,297.0,193.0,720.0,432.0,371.0,2432.0,2198.0,117.0,244.0,114.0,39.0,42.0,51.0
543,2779,1730,1136,426,345,566.0,305.0,296.0,138.0,53.0,626.0,1983.0,352.0,747.0,569.0,494.0,1398.0,666.0,762.0,4976.0,4572.0,204.0,366.0,213.0,76.0,88.0,197.0
544,2780,5724,2664,930,904,1800.0,651.0,462.0,173.0,70.0,3088.0,6242.0,588.0,1300.0,1369.0,1173.0,3423.0,2295.0,3072.0,13222.0,11221.0,1028.0,1134.0,716.0,317.0,571.0,378.0
545,2782,2330,1246,612,377,897.0,323.0,275.0,109.0,44.0,1007.0,2650.0,294.0,699.0,506.0,460.0,1456.0,998.0,1654.0,6077.0,5416.0,311.0,550.0,332.0,141.0,111.0,118.0
546,2783,995,602,207,169,315.0,157.0,134.0,50.0,26.0,443.0,1119.0,157.0,328.0,282.0,247.0,717.0,460.0,437.0,2612.0,2329.0,132.0,195.0,143.0,50.0,33.0,105.0
547,2784,457,278,98,93,162.0,78.0,58.0,22.0,14.0,183.0,517.0,81.0,148.0,127.0,108.0,382.0,176.0,195.0,1232.0,1118.0,40.0,78.0,78.0,17.0,17.0,20.0
548,2785,1965,925,355,254,748.0,224.0,179.0,56.0,20.0,995.0,2215.0,228.0,482.0,309.0,347.0,1192.0,815.0,1172.0,4545.0,3959.0,248.0,418.0,253.0,107.0,96.0,91.0
549,2786,539,248,89,66,169.0,64.0,41.0,15.0,10.0,301.0,603.0,65.0,136.0,118.0,129.0,353.0,199.0,285.0,1290.0,1042.0,68.0,99.0,70.0,23.0,26.0,26.0
550,2787,1644,961,227,251,636.0,186.0,177.0,94.0,30.0,776.0,1900.0,258.0,500.0,561.0,431.0,1051.0,624.0,1024.0,4450.0,3689.0,156.0,206.0,79.0,48.0,67.0,152.0
551,2790,6545,2743,1045,930,2078.0,801.0,649.0,250.0,100.0,2992.0,6874.0,884.0,1703.0,1767.0,1757.0,3867.0,2230.0,3544.0,15763.0,13423.0,509.0,652.0,349.0,142.0,233.0,888.0
552,2791,162,70,19,20,58.0,16.0,10.0,8.0,3.0,50.0,140.0,11.0,34.0,20.0,23.0,75.0,66.0,120.0,344.0,318.0,9.0,16.0,0.0,3.0,4.0,8.0
553,2792,166,69,27,22,60.0,12.0,15.0,8.0,7.0,72.0,179.0,19.0,44.0,31.0,26.0,117.0,68.0,97.0,389.0,340.0,15.0,23.0,11.0,0.0,4.0,10.0
554,2793,523,141,39,46,173.0,44.0,27.0,15.0,10.0,180.0,452.0,35.0,93.0,102.0,64.0,219.0,189.0,261.0,975.0,856.0,19.0,57.0,17.0,7.0,0.0,84.0
555,2794,4806,1832,424,542,1485.0,547.0,413.0,187.0,92.0,1924.0,4651.0,587.0,1266.0,1193.0,933.0,2434.0,1445.0,2577.0,10426.0,9440.0,187.0,297.0,96.0,86.0,87.0,856.0
556,2795,15264,9106,3120,2556,5012.0,2135.0,2062.0,900.0,361.0,6453.0,16925.0,2613.0,5748.0,6266.0,5269.0,10499.0,5147.0,7012.0,42552.0,37160.0,1448.0,1179.0,719.0,470.0,994.0,2266.0
557,2797,174,90,28,36,64.0,17.0,27.0,9.0,3.0,53.0,171.0,33.0,49.0,45.0,46.0,94.0,63.0,97.0,422.0,394.0,11.0,10.0,6.0,0.0,0.0,19.0
558,2798,608,452,235,109,268.0,96.0,111.0,63.0,31.0,216.0,785.0,146.0,389.0,184.0,184.0,589.0,298.0,312.0,2103.0,1932.0,34.0,56.0,34.0,25.0,13.0,57.0
559,2799,1641,835,240,258,535.0,222.0,187.0,93.0,42.0,660.0,1737.0,243.0,580.0,521.0,431.0,1050.0,542.0,759.0,4119.0,3729.0,92.0,122.0,50.0,19.0,55.0,156.0
560,2800,15803,9718,3966,2691,5449.0,2327.0,2230.0,1069.0,408.0,6899.0,18386.0,3273.0,6339.0,5497.0,5799.0,11400.0,5248.0,7440.0,44994.0,40320.0,1732.0,1228.0,714.0,526.0,1469.0,2690.0
561,2803,130,52,18,21,46.0,12.0,15.0,3.0,0.0,60.0,139.0,13.0,26.0,26.0,14.0,79.0,65.0,68.0,277.0,237.0,4.0,16.0,0.0,3.0,0.0,6.0
562,2804,1192,483,130,140,376.0,118.0,101.0,72.0,19.0,483.0,1169.0,130.0,401.0,250.0,218.0,668.0,373.0,636.0,2667.0,2442.0,57.0,65.0,6.0,14.0,30.0,93.0
563,2805,174,60,14,27,61.0,15.0,24.0,11.0,6.0,75.0,186.0,28.0,60.0,28.0,28.0,93.0,66.0,89.0,397.0,368.0,16.0,13.0,7.0,4.0,4.0,5.0
564,2806,344,151,35,42,129.0,34.0,30.0,13.0,4.0,125.0,337.0,22.0,99.0,57.0,68.0,193.0,132.0,205.0,781.0,723.0,11.0,28.0,3.0,3.0,0.0,47.0
565,2807,208,62,10,15,65.0,16.0,22.0,3.0,5.0,96.0,199.0,12.0,62.0,29.0,16.0,104.0,76.0,118.0,429.0,365.0,15.0,27.0,11.0,4.0,6.0,38.0
566,2808,110,26,3,10,40.0,9.0,0.0,0.0,4.0,39.0,92.0,0.0,9.0,15.0,3.0,46.0,39.0,65.0,177.0,159.0,8.0,13.0,3.0,0.0,0.0,9.0
567,2809,96,39,8,6,42.0,7.0,7.0,3.0,0.0,43.0,101.0,10.0,37.0,12.0,16.0,60.0,43.0,63.0,239.0,186.0,4.0,11.0,4.0,0.0,0.0,16.0
568,2810,1477,570,142,164,493.0,140.0,112.0,61.0,29.0,575.0,1400.0,167.0,362.0,265.0,235.0,716.0,487.0,914.0,3152.0,2849.0,61.0,101.0,17.0,11.0,33.0,91.0
569,2817,132,37,26,19,54.0,14.0,8.0,5.0,3.0,42.0,134.0,14.0,32.0,31.0,34.0,61.0,56.0,63.0,291.0,273.0,3.0,0.0,10.0,0.0,0.0,18.0
570,2818,279,206,62,42,108.0,53.0,36.0,25.0,10.0,112.0,343.0,52.0,141.0,89.0,84.0,217.0,133.0,141.0,864.0,782.0,12.0,20.0,11.0,6.0,0.0,75.0
571,2820,2911,1011,288,313,828.0,329.0,255.0,132.0,60.0,1282.0,2889.0,441.0,839.0,917.0,885.0,1669.0,979.0,1596.0,7320.0,5733.0,130.0,156.0,71.0,25.0,50.0,1758.0
572,2821,1845,895,254,267,622.0,234.0,187.0,127.0,67.0,756.0,1989.0,352.0,723.0,528.0,499.0,1063.0,684.0,973.0,4810.0,4316.0,72.0,85.0,32.0,15.0,21.0,998.0
573,2822,188,69,30,30,66.0,23.0,16.0,5.0,3.0,72.0,186.0,16.0,39.0,45.0,27.0,97.0,86.0,91.0,412.0,360.0,6.0,7.0,9.0,0.0,0.0,37.0
574,2823,511,284,83,82,183.0,64.0,49.0,39.0,16.0,286.0,633.0,103.0,174.0,146.0,135.0,346.0,173.0,332.0,1419.0,1237.0,16.0,31.0,6.0,0.0,8.0,273.0
575,2824,805,459,120,106,294.0,95.0,83.0,41.0,26.0,429.0,973.0,151.0,289.0,216.0,231.0,501.0,302.0,478.0,2187.0,1913.0,52.0,24.0,15.0,11.0,43.0,358.0
576,2825,816,504,183,131,288.0,109.0,106.0,51.0,30.0,468.0,1051.0,174.0,313.0,301.0,275.0,594.0,244.0,487.0,2382.0,2079.0,67.0,14.0,24.0,4.0,54.0,419.0
577,2826,62,65,14,12,28.0,9.0,11.0,3.0,4.0,24.0,74.0,13.0,32.0,14.0,24.0,53.0,34.0,39.0,197.0,179.0,4.0,8.0,0.0,0.0,0.0,20.0
578,2827,1616,662,148,201,529.0,165.0,148.0,81.0,30.0,648.0,1599.0,221.0,462.0,394.0,366.0,842.0,515.0,884.0,3693.0,3339.0,64.0,43.0,17.0,27.0,36.0,554.0
579,2828,320,130,41,46,111.0,31.0,23.0,20.0,12.0,188.0,386.0,64.0,118.0,81.0,70.0,218.0,114.0,163.0,832.0,720.0,10.0,16.0,4.0,0.0,10.0,195.0
580,2829,1203,508,125,148,362.0,159.0,112.0,52.0,36.0,674.0,1390.0,214.0,415.0,337.0,364.0,737.0,427.0,603.0,3100.0,2593.0,39.0,32.0,15.0,7.0,37.0,956.0
581,2830,14526,9176,2883,2005,4896.0,2311.0,1847.0,910.0,391.0,6274.0,16627.0,2936.0,5590.0,5099.0,5563.0,9957.0,4832.0,6326.0,40290.0,35610.0,1715.0,633.0,422.0,324.0,1586.0,5796.0
582,2831,694,394,97,97,260.0,93.0,86.0,35.0,26.0,297.0,797.0,155.0,277.0,169.0,219.0,538.0,271.0,276.0,1920.0,1707.0,26.0,34.0,20.0,9.0,11.0,192.0
583,2832,930,409,123,124,271.0,107.0,106.0,63.0,38.0,523.0,1108.0,208.0,405.0,273.0,365.0,616.0,374.0,319.0,2566.0,2140.0,69.0,29.0,13.0,17.0,60.0,966.0
584,2833,301,91,29,33,72.0,39.0,22.0,10.0,14.0,137.0,289.0,55.0,94.0,58.0,88.0,149.0,91.0,114.0,654.0,597.0,6.0,3.0,4.0,0.0,9.0,271.0
585,2834,1215,263,61,125,320.0,98.0,57.0,13.0,24.0,899.0,1419.0,107.0,240.0,200.0,213.0,565.0,374.0,644.0,2338.0,1943.0,107.0,206.0,84.0,16.0,56.0,530.0
586,2835,1164,743,571,286,514.0,173.0,194.0,88.0,41.0,860.0,1864.0,345.0,579.0,450.0,662.0,1054.0,513.0,575.0,4173.0,3478.0,206.0,45.0,52.0,46.0,166.0,475.0
587,2836,368,126,35,64,64.0,55.0,40.0,11.0,15.0,196.0,388.0,82.0,113.0,122.0,141.0,221.0,112.0,120.0,890.0,788.0,15.0,7.0,11.0,0.0,14.0,456.0
588,2838,121,43,4,12,32.0,15.0,6.0,9.0,6.0,40.0,109.0,15.0,38.0,25.0,40.0,60.0,42.0,26.0,243.0,234.0,0.0,0.0,5.0,0.0,0.0,181.0
589,2839,556,177,51,62,161.0,61.0,50.0,27.0,16.0,256.0,565.0,106.0,203.0,181.0,183.0,359.0,167.0,138.0,1337.0,1174.0,16.0,11.0,0.0,0.0,13.0,812.0
590,2840,730,524,162,133,263.0,128.0,95.0,58.0,35.0,701.0,1280.0,224.0,407.0,296.0,380.0,719.0,308.0,366.0,2702.0,2116.0,61.0,18.0,20.0,14.0,43.0,831.0
591,2842,302,99,26,29,90.0,21.0,31.0,13.0,7.0,127.0,296.0,38.0,89.0,44.0,61.0,151.0,103.0,154.0,626.0,570.0,8.0,20.0,8.0,0.0,0.0,45.0
592,2843,550,206,70,81,189.0,41.0,55.0,34.0,8.0,213.0,544.0,62.0,188.0,121.0,105.0,317.0,187.0,306.0,1288.0,1118.0,33.0,35.0,11.0,8.0,8.0,66.0
593,2844,556,204,62,78,201.0,47.0,49.0,22.0,17.0,325.0,664.0,79.0,195.0,147.0,97.0,318.0,175.0,418.0,1441.0,1163.0,23.0,36.0,9.0,11.0,14.0,104.0
594,2845,761,330,135,109,232.0,99.0,101.0,39.0,22.0,291.0,786.0,131.0,307.0,212.0,221.0,514.0,284.0,329.0,1978.0,1720.0,39.0,58.0,32.0,10.0,18.0,107.0
595,2846,135,40,0,16,30.0,14.0,8.0,0.0,6.0,71.0,138.0,12.0,34.0,17.0,23.0,61.0,58.0,71.0,277.0,230.0,3.0,17.0,13.0,0.0,0.0,13.0
596,2847,1051,388,142,161,318.0,118.0,111.0,52.0,15.0,427.0,1039.0,119.0,289.0,262.0,215.0,583.0,393.0,555.0,2426.0,2099.0,65.0,93.0,37.0,9.0,14.0,167.0
597,2848,849,168,53,99,224.0,75.0,55.0,28.0,12.0,420.0,812.0,80.0,175.0,156.0,112.0,406.0,266.0,443.0,1650.0,1409.0,52.0,85.0,36.0,9.0,9.0,102.0
598,2849,685,223,87,126,250.0,60.0,60.0,30.0,10.0,319.0,724.0,83.0,165.0,103.0,130.0,367.0,256.0,427.0,1547.0,1352.0,47.0,93.0,32.0,14.0,8.0,75.0
599,2850,6679,3004,1612,996,2241.0,898.0,831.0,377.0,144.0,3039.0,7530.0,1258.0,2410.0,1833.0,2080.0,4618.0,2218.0,3231.0,17645.0,15517.0,513.0,604.0,241.0,138.0,271.0,947.0
600,2852,1324,506,256,251,429.0,179.0,143.0,80.0,37.0,648.0,1506.0,276.0,491.0,360.0,368.0,848.0,491.0,703.0,3542.0,3009.0,75.0,102.0,46.0,16.0,32.0,217.0
601,2864,285,190,42,60,117.0,40.0,39.0,20.0,11.0,100.0,324.0,51.0,115.0,83.0,71.0,215.0,97.0,182.0,805.0,753.0,24.0,18.0,10.0,11.0,11.0,10.0
602,2865,309,177,49,57,106.0,51.0,33.0,20.0,8.0,145.0,368.0,62.0,106.0,84.0,85.0,224.0,126.0,178.0,868.0,752.0,9.0,17.0,7.0,0.0,4.0,30.0
603,2866,1161,586,191,198,374.0,133.0,160.0,99.0,33.0,437.0,1237.0,242.0,471.0,343.0,282.0,736.0,378.0,632.0,3100.0,2806.0,56.0,69.0,26.0,18.0,39.0,143.0
604,2867,230,106,31,36,92.0,23.0,39.0,11.0,7.0,85.0,250.0,48.0,88.0,33.0,58.0,135.0,99.0,128.0,599.0,547.0,25.0,6.0,9.0,3.0,11.0,33.0
605,2868,275,106,30,45,89.0,35.0,21.0,11.0,7.0,111.0,277.0,36.0,97.0,63.0,58.0,147.0,93.0,162.0,649.0,593.0,11.0,14.0,9.0,3.0,5.0,58.0
606,2869,683,218,53,72,218.0,73.0,40.0,29.0,11.0,306.0,680.0,63.0,166.0,154.0,101.0,361.0,234.0,355.0,1442.0,1261.0,28.0,37.0,13.0,0.0,16.0,286.0
607,2870,4618,2282,772,716,1482.0,584.0,527.0,290.0,146.0,2027.0,5047.0,820.0,1679.0,1563.0,1375.0,2831.0,1488.0,2272.0,12038.0,10708.0,307.0,221.0,85.0,80.0,260.0,1118.0
608,2871,3770,1773,432,540,1250.0,423.0,368.0,217.0,89.0,1618.0,3970.0,618.0,1287.0,1097.0,977.0,2164.0,1178.0,2049.0,9350.0,8401.0,142.0,125.0,77.0,49.0,102.0,1041.0
609,2873,200,90,39,32,80.0,27.0,15.0,13.0,5.0,128.0,266.0,30.0,71.0,33.0,58.0,140.0,69.0,168.0,558.0,458.0,10.0,6.0,3.0,3.0,7.0,27.0
610,2874,181,80,14,32,68.0,12.0,25.0,8.0,3.0,67.0,181.0,15.0,48.0,26.0,34.0,120.0,67.0,114.0,423.0,374.0,7.0,12.0,0.0,0.0,0.0,22.0
611,2875,381,170,55,58,142.0,40.0,32.0,22.0,8.0,175.0,425.0,60.0,135.0,84.0,69.0,232.0,185.0,202.0,969.0,857.0,27.0,16.0,3.0,11.0,15.0,85.0
612,2876,157,54,17,37,48.0,19.0,16.0,7.0,5.0,68.0,166.0,25.0,71.0,45.0,21.0,104.0,72.0,72.0,421.0,356.0,3.0,0.0,0.0,0.0,3.0,22.0
613,2877,1514,708,192,202,462.0,198.0,169.0,85.0,45.0,690.0,1652.0,324.0,559.0,452.0,481.0,854.0,513.0,712.0,3880.0,3414.0,91.0,27.0,19.0,8.0,69.0,846.0
614,2878,79,65,26,22,27.0,15.0,16.0,0.0,5.0,100.0,162.0,23.0,34.0,34.0,55.0,114.0,52.0,54.0,371.0,247.0,5.0,0.0,4.0,3.0,0.0,49.0
615,2879,279,71,29,35,75.0,24.0,21.0,13.0,4.0,177.0,315.0,43.0,65.0,63.0,70.0,138.0,117.0,131.0,636.0,538.0,6.0,11.0,0.0,0.0,0.0,222.0
616,2880,7760,3222,1318,970,2566.0,981.0,734.0,282.0,113.0,3850.0,8514.0,1016.0,2044.0,1971.0,2189.0,4374.0,2742.0,3936.0,18276.0,16485.0,335.0,292.0,138.0,82.0,265.0,1531.0
617,2898,137,105,28,14,49.0,16.0,16.0,6.0,0.0,92.0,180.0,23.0,40.0,21.0,44.0,126.0,59.0,78.0,381.0,317.0,26.0,15.0,15.0,12.0,12.0,4.0
