postcode,median_rent_newb 2020 Q1,median_rent_newb 2020 Q2,median_rent_newb 2020 Q3,median_rent_newb 2020 Q4,median_rent_newb 2021 Q1,new_bonds_no 2020 Q1,new_bonds_no 2020 Q2,new_bonds_no 2020 Q3,new_bonds_no 2020 Q4,new_bonds_no 2021 Q1,total_bonds_no 2020 Q1,total_bonds_no 2020 Q2,total_bonds_no 2020 Q3,total_bonds_no 2020 Q4,total_bonds_no 2021 Q1
2000,700.0,630.0,600.0,550.0,600.0,1230.0,931.0,1809.0,1705.0,1469.0,8615.0,7595.0,8069.0,9140.0,9327.0
2007,550.0,560.0,500.0,480.0,455.0,416.0,234.0,387.0,347.0,388.0,2116.0,1810.0,1876.0,1979.0,2024.0
2008,595.0,535.0,530.0,490.0,500.0,957.0,471.0,821.0,915.0,987.0,4613.0,4286.0,4116.0,4514.0,4228.0
2009,700.0,580.0,595.0,550.0,600.0,286.0,426.0,522.0,543.0,471.0,2913.0,2793.0,2913.0,3247.0,3333.0
2010,640.0,575.0,550.0,518.0,525.0,915.0,950.0,1240.0,1158.0,1139.0,8338.0,8079.0,8182.0,8521.0,8626.0
2011,530.0,470.0,495.0,470.0,490.0,813.0,747.0,1017.0,951.0,976.0,7461.0,7244.0,7365.0,7684.0,7738.0
2015,640.0,590.0,570.0,550.0,573.0,296.0,237.0,361.0,337.0,424.0,2506.0,2419.0,2476.0,2500.0,2588.0
2016,590.0,600.0,600.0,560.0,550.0,442.0,265.0,383.0,357.0,492.0,3177.0,2943.0,2855.0,2853.0,2912.0
2017,720.0,620.0,600.0,580.0,600.0,1238.0,1191.0,1760.0,1565.0,1711.0,7468.0,7274.0,7602.0,8317.0,8582.0
2018,650.0,600.0,550.0,550.0,570.0,468.0,327.0,580.0,481.0,505.0,3203.0,3102.0,3233.0,3454.0,3513.0
2019,610.0,590.0,550.0,550.0,580.0,203.0,105.0,160.0,171.0,238.0,1556.0,1526.0,1558.0,1602.0,1675.0
2020,700.0,650.0,610.0,580.0,600.0,651.0,464.0,853.0,738.0,867.0,4182.0,3936.0,4179.0,4342.0,4568.0
2021,650.0,620.0,575.0,570.0,535.0,351.0,386.0,439.0,384.0,459.0,3472.0,3388.0,3398.0,3435.0,3488.0
2022,720.0,660.0,673.0,675.0,650.0,304.0,341.0,548.0,443.0,370.0,2810.0,2720.0,2930.0,3079.0,3084.0
2023,743.0,625.0,593.0,650.0,650.0,128.0,125.0,168.0,173.0,171.0,1408.0,1355.0,1376.0,1400.0,1412.0
2024,688.0,653.0,650.0,675.0,650.0,134.0,196.0,238.0,195.0,185.0,1785.0,1735.0,1782.0,1797.0,1812.0
2025,740.0,690.0,720.0,650.0,650.0,99.0,114.0,132.0,146.0,131.0,1175.0,1150.0,1136.0,1168.0,1170.0
2026,725.0,650.0,650.0,675.0,700.0,682.0,850.0,1241.0,989.0,838.0,8141.0,7824.0,8106.0,8436.0,8528.0
2027,785.0,783.0,735.0,650.0,700.0,132.0,136.0,185.0,154.0,192.0,1433.0,1404.0,1442.0,1537.0,1576.0
2028,850.0,725.0,680.0,685.0,705.0,91.0,66.0,135.0,102.0,151.0,939.0,885.0,942.0,997.0,1025.0
2029,660.0,650.0,625.0,650.0,620.0,181.0,126.0,201.0,202.0,169.0,1808.0,1756.0,1757.0,1825.0,1832.0
2030,780.0,750.0,745.0,690.0,750.0,117.0,87.0,118.0,115.0,117.0,1188.0,1134.0,1151.0,1177.0,1180.0
2031,630.0,585.0,580.0,560.0,570.0,633.0,602.0,841.0,773.0,782.0,6606.0,6463.0,6553.0,6697.0,6748.0
2032,565.0,500.0,473.0,438.0,450.0,416.0,244.0,444.0,442.0,530.0,2752.0,2611.0,2574.0,2694.0,2751.0
2033,580.0,520.0,490.0,495.0,480.0,285.0,218.0,337.0,316.0,374.0,2389.0,2304.0,2289.0,2336.0,2364.0
2034,710.0,630.0,650.0,650.0,660.0,396.0,417.0,559.0,406.0,411.0,3929.0,3835.0,3944.0,4019.0,4024.0
2035,650.0,600.0,550.0,550.0,560.0,477.0,414.0,539.0,509.0,576.0,4551.0,4489.0,4476.0,4557.0,4597.0
2036,670.0,640.0,620.0,600.0,600.0,462.0,390.0,527.0,475.0,553.0,3359.0,3429.0,3629.0,3742.0,3877.0
2037,630.0,550.0,520.0,500.0,530.0,582.0,383.0,606.0,564.0,565.0,3867.0,3734.0,3818.0,3933.0,3934.0
2038,668.0,578.0,595.0,550.0,550.0,170.0,148.0,182.0,156.0,203.0,1697.0,1664.0,1634.0,1601.0,1618.0
2039,700.0,650.0,650.0,600.0,650.0,159.0,164.0,172.0,188.0,164.0,1422.0,1402.0,1409.0,1438.0,1437.0
2040,665.0,630.0,640.0,620.0,630.0,350.0,281.0,394.0,316.0,380.0,3120.0,3070.0,3082.0,3082.0,3116.0
2041,700.0,700.0,660.0,650.0,655.0,255.0,220.0,256.0,218.0,262.0,2475.0,2419.0,2427.0,2422.0,2421.0
2042,580.0,575.0,520.0,480.0,550.0,496.0,500.0,648.0,579.0,616.0,4603.0,4516.0,4601.0,4674.0,4700.0
2043,720.0,650.0,645.0,600.0,613.0,190.0,166.0,236.0,324.0,362.0,1650.0,1629.0,1657.0,1929.0,2034.0
2044,620.0,650.0,640.0,600.0,630.0,126.0,94.0,145.0,161.0,135.0,1169.0,1142.0,1124.0,1177.0,1172.0
2045,600.0,580.0,530.0,515.0,573.0,20.0,43.0,37.0,20.0,20.0,338.0,350.0,364.0,349.0,346.0
2046,630.0,600.0,590.0,580.0,600.0,280.0,253.0,310.0,241.0,318.0,3036.0,2996.0,3020.0,3040.0,3091.0
2047,650.0,600.0,600.0,580.0,588.0,147.0,190.0,191.0,195.0,186.0,1820.0,1818.0,1804.0,1804.0,1784.0
2048,528.0,480.0,500.0,480.0,490.0,166.0,133.0,182.0,146.0,199.0,1588.0,1552.0,1544.0,1526.0,1535.0
2049,515.0,480.0,450.0,470.0,460.0,285.0,218.0,300.0,286.0,331.0,2392.0,2345.0,2414.0,2480.0,2522.0
2050,660.0,600.0,560.0,550.0,570.0,289.0,235.0,367.0,355.0,438.0,2336.0,2244.0,2267.0,2383.0,2453.0
2060,650.0,560.0,550.0,520.0,560.0,491.0,394.0,626.0,554.0,635.0,4050.0,3914.0,4060.0,4234.0,4330.0
2061,730.0,600.0,600.0,588.0,563.0,175.0,209.0,233.0,224.0,216.0,1879.0,1850.0,1848.0,1898.0,1905.0
2062,650.0,570.0,580.0,565.0,570.0,134.0,111.0,128.0,119.0,148.0,1269.0,1258.0,1262.0,1241.0,1262.0
2063,750.0,750.0,850.0,800.0,823.0,39.0,38.0,47.0,39.0,32.0,393.0,394.0,400.0,435.0,413.0
2064,578.0,545.0,520.0,500.0,500.0,140.0,104.0,201.0,179.0,218.0,1318.0,1306.0,1345.0,1381.0,1433.0
2065,630.0,598.0,550.0,550.0,550.0,862.0,604.0,826.0,803.0,968.0,6583.0,6490.0,6573.0,6740.0,6850.0
2066,560.0,550.0,510.0,500.0,510.0,516.0,298.0,517.0,462.0,551.0,4342.0,4156.0,4281.0,4333.0,4349.0
2067,643.0,600.0,580.0,510.0,550.0,496.0,372.0,636.0,672.0,660.0,4178.0,4068.0,4167.0,4558.0,4724.0
2068,775.0,600.0,595.0,600.0,650.0,134.0,87.0,128.0,122.0,139.0,1365.0,1318.0,1349.0,1352.0,1359.0
2069,635.0,610.0,610.0,600.0,570.0,112.0,71.0,117.0,122.0,136.0,947.0,924.0,939.0,974.0,994.0
2070,760.0,620.0,613.0,563.0,690.0,126.0,101.0,100.0,120.0,132.0,1084.0,1070.0,1069.0,1129.0,1153.0
2071,710.0,640.0,600.0,650.0,620.0,121.0,94.0,134.0,101.0,128.0,1047.0,1023.0,1051.0,1053.0,1056.0
2072,585.0,575.0,540.0,550.0,520.0,120.0,89.0,157.0,149.0,159.0,1043.0,1020.0,1060.0,1100.0,1128.0
2073,698.0,750.0,700.0,590.0,650.0,98.0,81.0,101.0,139.0,113.0,911.0,902.0,921.0,950.0,951.0
2074,630.0,600.0,600.0,650.0,650.0,193.0,117.0,145.0,124.0,133.0,1200.0,1183.0,1219.0,1232.0,1226.0
2075,715.0,750.0,720.0,635.0,650.0,138.0,77.0,147.0,120.0,117.0,1117.0,1082.0,1134.0,1168.0,1172.0
2076,670.0,600.0,600.0,700.0,700.0,121.0,123.0,124.0,118.0,116.0,1197.0,1196.0,1191.0,1211.0,1214.0
2077,485.0,455.0,460.0,450.0,440.0,644.0,428.0,591.0,517.0,650.0,5570.0,5532.0,5629.0,5693.0,5733.0
2079,460.0,575.0,450.0,500.0,480.0,48.0,38.0,44.0,35.0,48.0,430.0,428.0,432.0,441.0,448.0
2080,450.0,450.0,450.0,450.0,450.0,5.0,5.0,5.0,5.0,5.0,52.0,52.0,53.0,56.0,55.0
2081,590.0,655.0,510.0,598.0,648.0,20.0,20.0,20.0,20.0,20.0,216.0,217.0,216.0,223.0,215.0
2082,635.0,595.0,450.0,640.0,620.0,20.0,20.0,5.0,20.0,20.0,155.0,164.0,160.0,168.0,167.0
2083,560.0,450.0,450.0,450.0,535.0,20.0,20.0,20.0,5.0,20.0,127.0,137.0,135.0,133.0,135.0
2084,950.0,450.0,450.0,450.0,450.0,20.0,5.0,5.0,5.0,5.0,137.0,134.0,137.0,139.0,138.0
2085,903.0,950.0,990.0,1030.0,1050.0,20.0,20.0,32.0,20.0,20.0,336.0,338.0,346.0,350.0,346.0
2086,880.0,850.0,853.0,800.0,850.0,51.0,48.0,72.0,59.0,55.0,583.0,571.0,602.0,621.0,618.0
2087,860.0,835.0,760.0,790.0,790.0,74.0,51.0,64.0,57.0,63.0,615.0,610.0,619.0,629.0,635.0
2088,623.0,600.0,600.0,560.0,630.0,404.0,346.0,448.0,383.0,439.0,4023.0,3956.0,3997.0,4002.0,4049.0
2089,600.0,550.0,560.0,550.0,515.0,321.0,282.0,350.0,354.0,339.0,3153.0,3100.0,3127.0,3141.0,3168.0
2090,650.0,620.0,600.0,580.0,593.0,236.0,237.0,301.0,278.0,286.0,2654.0,2643.0,2683.0,2667.0,2670.0
2092,1000.0,1000.0,975.0,1245.0,1200.0,46.0,39.0,33.0,33.0,20.0,341.0,343.0,336.0,335.0,335.0
2093,650.0,650.0,618.0,655.0,635.0,216.0,219.0,246.0,184.0,228.0,2200.0,2186.0,2217.0,2197.0,2205.0
2094,848.0,695.0,720.0,723.0,780.0,76.0,90.0,89.0,108.0,77.0,880.0,873.0,882.0,894.0,897.0
2095,790.0,690.0,705.0,750.0,760.0,360.0,524.0,495.0,409.0,411.0,3671.0,3726.0,3809.0,3888.0,3882.0
2096,650.0,590.0,650.0,663.0,670.0,221.0,246.0,264.0,176.0,207.0,2230.0,2229.0,2252.0,2228.0,2213.0
2097,625.0,650.0,625.0,710.0,625.0,147.0,124.0,116.0,115.0,107.0,1257.0,1257.0,1283.0,1279.0,1283.0
2099,580.0,575.0,560.0,600.0,590.0,495.0,483.0,485.0,500.0,518.0,5395.0,5379.0,5446.0,5471.0,5473.0
2100,650.0,600.0,575.0,588.0,610.0,161.0,139.0,139.0,140.0,120.0,1410.0,1404.0,1443.0,1478.0,1471.0
2101,610.0,650.0,623.0,650.0,670.0,185.0,148.0,132.0,153.0,141.0,1792.0,1781.0,1791.0,1799.0,1792.0
2102,888.0,800.0,720.0,760.0,895.0,32.0,46.0,42.0,41.0,37.0,462.0,454.0,463.0,465.0,463.0
2103,678.0,600.0,650.0,680.0,673.0,88.0,69.0,76.0,83.0,66.0,899.0,900.0,921.0,927.0,919.0
2104,450.0,1220.0,450.0,1250.0,1500.0,5.0,20.0,5.0,20.0,20.0,73.0,76.0,74.0,78.0,78.0
2105,450.0,450.0,450.0,450.0,450.0,5.0,5.0,5.0,5.0,5.0,83.0,80.0,86.0,83.0,81.0
2106,595.0,615.0,590.0,700.0,683.0,63.0,76.0,62.0,71.0,68.0,826.0,820.0,826.0,822.0,821.0
2107,778.0,778.0,650.0,850.0,900.0,74.0,84.0,86.0,52.0,73.0,735.0,754.0,780.0,774.0,765.0
2108,1100.0,920.0,450.0,450.0,450.0,20.0,20.0,5.0,5.0,5.0,127.0,135.0,133.0,121.0,122.0
2110,700.0,668.0,800.0,680.0,650.0,56.0,50.0,50.0,47.0,52.0,547.0,539.0,545.0,539.0,536.0
2111,480.0,480.0,480.0,480.0,500.0,188.0,179.0,264.0,214.0,235.0,1922.0,1885.0,1976.0,1997.0,2036.0
2112,510.0,480.0,460.0,450.0,450.0,598.0,454.0,672.0,646.0,647.0,4894.0,4823.0,4954.0,5151.0,5245.0
2113,530.0,490.0,470.0,450.0,470.0,791.0,499.0,725.0,632.0,650.0,3832.0,3857.0,4199.0,4494.0,4530.0
2114,475.0,450.0,430.0,420.0,420.0,437.0,367.0,529.0,459.0,582.0,3936.0,3890.0,4002.0,4046.0,4149.0
2115,520.0,490.0,500.0,495.0,495.0,105.0,97.0,103.0,87.0,125.0,969.0,982.0,1005.0,1002.0,1006.0
2116,480.0,480.0,495.0,470.0,430.0,56.0,45.0,61.0,51.0,67.0,581.0,573.0,577.0,563.0,573.0
2117,490.0,500.0,500.0,480.0,460.0,151.0,137.0,188.0,169.0,181.0,1764.0,1755.0,1768.0,1779.0,1803.0
2118,510.0,500.0,475.0,470.0,465.0,319.0,214.0,335.0,274.0,318.0,2558.0,2530.0,2642.0,2744.0,2782.0
2119,640.0,563.0,620.0,610.0,590.0,57.0,56.0,53.0,54.0,66.0,588.0,587.0,599.0,590.0,598.0
2120,600.0,600.0,513.0,550.0,500.0,111.0,87.0,130.0,120.0,133.0,1144.0,1120.0,1157.0,1191.0,1205.0
2121,550.0,510.0,500.0,490.0,500.0,517.0,317.0,563.0,516.0,536.0,3824.0,3732.0,3912.0,4045.0,4090.0
2122,500.0,480.0,450.0,480.0,458.0,345.0,272.0,427.0,394.0,374.0,3171.0,3164.0,3244.0,3333.0,3379.0
2125,670.0,730.0,555.0,605.0,650.0,51.0,43.0,62.0,54.0,55.0,577.0,580.0,610.0,608.0,623.0
2126,700.0,700.0,710.0,750.0,750.0,82.0,59.0,64.0,70.0,59.0,849.0,847.0,839.0,843.0,840.0
2127,540.0,500.0,500.0,500.0,500.0,671.0,608.0,846.0,682.0,796.0,4753.0,4739.0,5032.0,5443.0,5487.0
2128,440.0,405.0,410.0,385.0,450.0,33.0,20.0,33.0,39.0,43.0,360.0,343.0,355.0,385.0,378.0
2130,480.0,460.0,450.0,450.0,423.0,164.0,144.0,201.0,158.0,214.0,1724.0,1692.0,1711.0,1692.0,1693.0
2131,480.0,450.0,420.0,410.0,430.0,442.0,356.0,469.0,469.0,511.0,4380.0,4308.0,4286.0,4310.0,4338.0
2132,550.0,525.0,515.0,500.0,450.0,69.0,60.0,76.0,94.0,109.0,855.0,848.0,848.0,859.0,894.0
2133,425.0,430.0,405.0,420.0,465.0,88.0,82.0,108.0,98.0,96.0,1045.0,1030.0,1041.0,1066.0,1065.0
2134,630.0,510.0,510.0,500.0,500.0,384.0,314.0,593.0,415.0,494.0,2562.0,2523.0,2736.0,2876.0,2927.0
2135,540.0,510.0,500.0,480.0,450.0,385.0,340.0,631.0,500.0,554.0,3454.0,3311.0,3474.0,3512.0,3593.0
2136,500.0,480.0,480.0,450.0,420.0,74.0,61.0,78.0,69.0,104.0,840.0,823.0,826.0,820.0,839.0
2137,580.0,575.0,550.0,550.0,550.0,302.0,269.0,336.0,311.0,335.0,2947.0,2870.0,2929.0,3092.0,3092.0
2138,610.0,560.0,550.0,530.0,550.0,465.0,458.0,551.0,445.0,648.0,3354.0,3286.0,3358.0,3449.0,3540.0
2140,490.0,480.0,460.0,450.0,425.0,503.0,362.0,540.0,526.0,539.0,3741.0,3661.0,3722.0,4009.0,3965.0
2141,500.0,500.0,510.0,480.0,465.0,351.0,350.0,502.0,444.0,440.0,3577.0,3567.0,3670.0,3759.0,3790.0
2142,430.0,410.0,400.0,400.0,400.0,429.0,320.0,489.0,448.0,450.0,4076.0,3997.0,4059.0,4036.0,4057.0
2143,450.0,450.0,415.0,400.0,450.0,64.0,74.0,76.0,74.0,75.0,780.0,786.0,807.0,811.0,815.0
2144,450.0,450.0,450.0,420.0,430.0,411.0,319.0,536.0,498.0,572.0,4398.0,4318.0,4333.0,4352.0,4383.0
2145,450.0,430.0,430.0,430.0,420.0,1145.0,775.0,1118.0,1079.0,1121.0,10005.0,9965.0,10209.0,10447.0,10514.0
2146,450.0,430.0,440.0,430.0,420.0,170.0,144.0,209.0,180.0,205.0,1799.0,1774.0,1828.0,1827.0,1847.0
2147,410.0,400.0,410.0,410.0,430.0,270.0,227.0,279.0,256.0,254.0,2650.0,2664.0,2732.0,2787.0,2816.0
2148,400.0,390.0,400.0,400.0,400.0,675.0,680.0,819.0,719.0,655.0,7436.0,7561.0,7772.0,7854.0,7847.0
2150,470.0,450.0,450.0,410.0,420.0,1069.0,746.0,1292.0,1236.0,1192.0,9235.0,9021.0,9281.0,9480.0,9463.0
2151,455.0,430.0,445.0,440.0,420.0,244.0,214.0,308.0,290.0,281.0,2983.0,2943.0,2977.0,2993.0,2963.0
2152,428.0,410.0,400.0,430.0,428.0,116.0,117.0,134.0,113.0,100.0,1269.0,1246.0,1248.0,1238.0,1217.0
2153,540.0,550.0,550.0,550.0,540.0,374.0,254.0,403.0,445.0,463.0,3569.0,3531.0,3606.0,3864.0,3952.0
2154,598.0,560.0,570.0,580.0,580.0,220.0,201.0,247.0,248.0,238.0,2584.0,2578.0,2618.0,2730.0,2731.0
2155,560.0,590.0,570.0,550.0,580.0,629.0,419.0,622.0,619.0,606.0,4530.0,4574.0,4861.0,5216.0,5301.0
2156,650.0,720.0,720.0,725.0,600.0,20.0,20.0,20.0,20.0,20.0,322.0,319.0,323.0,322.0,318.0
2157,450.0,490.0,600.0,575.0,600.0,5.0,20.0,20.0,20.0,20.0,137.0,141.0,151.0,166.0,171.0
2158,660.0,620.0,650.0,690.0,600.0,43.0,20.0,37.0,20.0,32.0,371.0,360.0,375.0,388.0,392.0
2159,545.0,600.0,523.0,615.0,570.0,20.0,20.0,20.0,20.0,20.0,157.0,156.0,164.0,178.0,175.0
2160,410.0,400.0,410.0,400.0,400.0,459.0,413.0,454.0,430.0,474.0,4718.0,4737.0,4878.0,4914.0,4960.0
2161,420.0,400.0,400.0,395.0,395.0,252.0,212.0,312.0,266.0,286.0,2969.0,2969.0,3040.0,3055.0,3055.0
2162,440.0,450.0,450.0,450.0,420.0,129.0,109.0,115.0,109.0,106.0,1328.0,1337.0,1360.0,1373.0,1383.0
2163,380.0,365.0,350.0,365.0,420.0,61.0,76.0,106.0,72.0,61.0,815.0,826.0,870.0,884.0,879.0
2164,490.0,450.0,450.0,450.0,450.0,93.0,84.0,113.0,106.0,94.0,1521.0,1524.0,1552.0,1546.0,1548.0
2165,410.0,410.0,400.0,390.0,400.0,325.0,320.0,335.0,309.0,250.0,5082.0,5107.0,5150.0,5193.0,5165.0
2166,360.0,380.0,360.0,370.0,360.0,326.0,330.0,449.0,348.0,323.0,4867.0,4866.0,4973.0,4987.0,4960.0
2167,420.0,450.0,450.0,440.0,468.0,94.0,63.0,81.0,75.0,72.0,945.0,938.0,958.0,952.0,956.0
2168,400.0,420.0,410.0,400.0,450.0,193.0,161.0,196.0,162.0,138.0,2321.0,2322.0,2392.0,2401.0,2372.0
2170,400.0,400.0,400.0,400.0,400.0,1148.0,1010.0,1273.0,1082.0,1125.0,12499.0,12552.0,12974.0,13060.0,13077.0
2171,525.0,550.0,540.0,550.0,550.0,141.0,139.0,131.0,124.0,131.0,1685.0,1702.0,1736.0,1780.0,1775.0
2172,450.0,450.0,450.0,450.0,450.0,5.0,76.0,5.0,5.0,5.0,54.0,873.0,55.0,56.0,57.0
2173,520.0,520.0,520.0,520.0,540.0,83.0,73.0,46.0,76.0,74.0,978.0,987.0,973.0,978.0,974.0
2174,560.0,580.0,540.0,530.0,500.0,76.0,57.0,95.0,99.0,91.0,534.0,543.0,599.0,680.0,720.0
2175,450.0,450.0,450.0,450.0,450.0,81.5,76.0,5.0,5.0,70.5,871.0,873.0,86.0,84.0,821.0
2176,490.0,483.0,480.0,500.0,500.0,135.0,150.0,163.0,133.0,191.0,2381.0,2403.0,2451.0,2422.0,2460.0
2177,430.0,435.0,450.0,455.0,465.0,47.0,48.0,67.0,66.0,62.0,693.0,693.0,708.0,736.0,755.0
2178,450.0,450.0,450.0,450.0,450.0,81.5,76.0,20.0,5.0,5.0,871.0,873.0,202.0,200.0,203.0
2179,530.0,540.0,545.0,550.0,560.0,95.0,105.0,122.0,115.0,89.0,729.0,793.0,893.0,972.0,1008.0
2190,525.0,480.0,500.0,500.0,513.0,104.0,86.0,86.0,105.0,106.0,1431.0,1431.0,1425.0,1444.0,1442.0
2191,520.0,550.0,525.0,510.0,500.0,33.0,31.0,20.0,33.0,20.0,403.0,411.0,412.0,422.0,428.0
2192,415.0,455.0,380.0,380.0,400.0,179.0,180.0,179.0,175.0,163.0,1872.0,1875.0,1903.0,1909.0,1882.0
2193,510.0,470.0,475.0,460.0,470.0,253.0,200.0,256.0,282.0,235.0,2153.0,2120.0,2167.0,2343.0,2329.0
2194,430.0,400.0,410.0,400.0,380.0,393.0,395.0,479.0,398.0,460.0,4312.0,4270.0,4323.0,4332.0,4339.0
2195,350.0,330.0,330.0,320.0,310.0,333.0,333.0,410.0,373.0,384.0,4602.0,4595.0,4619.0,4622.0,4593.0
2196,450.0,430.0,430.0,430.0,390.0,241.0,211.0,221.0,192.0,203.0,2582.0,2589.0,2642.0,2632.0,2612.0
2197,528.0,575.0,495.0,465.0,520.0,58.0,48.0,62.0,47.0,44.0,530.0,540.0,555.0,564.0,572.0
2198,530.0,600.0,523.0,585.0,550.0,53.0,20.0,38.0,44.0,38.0,468.0,458.0,462.0,461.0,464.0
2199,470.0,450.0,450.0,450.0,455.0,118.0,82.0,129.0,108.0,99.0,1389.0,1377.0,1400.0,1424.0,1401.0
2200,430.0,420.0,420.0,420.0,420.0,459.0,405.0,464.0,473.0,478.0,5040.0,5066.0,5153.0,5193.0,5219.0
2203,490.0,450.0,450.0,450.0,450.0,273.0,204.0,322.0,314.0,340.0,2815.0,2757.0,2803.0,2931.0,2916.0
2204,570.0,520.0,520.0,500.0,480.0,461.0,357.0,516.0,429.0,468.0,4328.0,4215.0,4286.0,4301.0,4335.0
2205,600.0,560.0,530.0,500.0,510.0,603.0,429.0,733.0,689.0,816.0,4224.0,4120.0,4179.0,4390.0,4539.0
2206,600.0,600.0,600.0,600.0,618.0,112.0,87.0,111.0,88.0,112.0,1350.0,1341.0,1346.0,1329.0,1326.0
2207,520.0,500.0,500.0,473.0,450.0,188.0,145.0,201.0,186.0,170.0,2116.0,2088.0,2109.0,2097.0,2080.0
2208,555.0,550.0,590.0,530.0,565.0,76.0,68.0,74.0,69.0,80.0,875.0,877.0,878.0,866.0,881.0
2209,473.0,490.0,470.0,470.0,480.0,134.0,102.0,145.0,123.0,129.0,1365.0,1356.0,1365.0,1372.0,1378.0
2210,495.0,460.0,470.0,470.0,470.0,200.0,202.0,218.0,207.0,196.0,2090.0,2099.0,2131.0,2172.0,2135.0
2211,530.0,500.0,550.0,550.0,528.0,114.0,88.0,97.0,85.0,120.0,1266.0,1260.0,1266.0,1266.0,1274.0
2212,560.0,550.0,550.0,590.0,575.0,113.0,87.0,115.0,94.0,104.0,1303.0,1295.0,1321.0,1325.0,1309.0
2213,580.0,570.0,525.0,550.0,570.0,104.0,115.0,136.0,107.0,106.0,1355.0,1354.0,1391.0,1379.0,1358.0
2214,530.0,450.0,450.0,450.0,530.0,20.0,5.0,5.0,5.0,20.0,122.0,118.0,123.0,126.0,129.0
2216,500.0,480.0,470.0,450.0,440.0,411.0,293.0,496.0,457.0,496.0,4402.0,4277.0,4343.0,4344.0,4371.0
2217,480.0,450.0,450.0,430.0,425.0,455.0,308.0,393.0,479.0,515.0,4110.0,4070.0,4053.0,4203.0,4273.0
2218,450.0,440.0,420.0,420.0,420.0,201.0,131.0,217.0,183.0,225.0,2207.0,2170.0,2176.0,2142.0,2120.0
2219,530.0,500.0,500.0,500.0,505.0,99.0,126.0,103.0,120.0,100.0,1302.0,1326.0,1342.0,1342.0,1349.0
2220,533.0,490.0,480.0,480.0,460.0,498.0,437.0,608.0,592.0,585.0,4486.0,4445.0,4466.0,4546.0,4549.0
2221,570.0,540.0,530.0,530.0,555.0,70.0,79.0,74.0,73.0,70.0,871.0,892.0,892.0,912.0,913.0
2222,400.0,400.0,385.0,393.0,380.0,147.0,137.0,134.0,150.0,152.0,1660.0,1680.0,1672.0,1673.0,1633.0
2223,450.0,450.0,460.0,430.0,410.0,189.0,123.0,183.0,189.0,190.0,2152.0,2138.0,2134.0,2121.0,2114.0
2224,650.0,640.0,710.0,700.0,665.0,81.0,80.0,76.0,71.0,70.0,859.0,864.0,883.0,884.0,879.0
2225,450.0,450.0,640.0,688.0,450.0,5.0,5.0,20.0,20.0,5.0,132.0,132.0,138.0,143.0,140.0
2226,530.0,498.0,570.0,600.0,530.0,65.0,46.0,65.0,53.0,68.0,667.0,653.0,666.0,655.0,665.0
2227,550.0,540.0,565.0,600.0,580.0,94.0,73.0,132.0,85.0,115.0,1071.0,1062.0,1109.0,1112.0,1121.0
2228,540.0,515.0,540.0,550.0,550.0,225.0,169.0,188.0,193.0,197.0,1989.0,1988.0,2034.0,2119.0,2139.0
2229,580.0,550.0,550.0,550.0,600.0,253.0,225.0,220.0,245.0,214.0,2261.0,2245.0,2290.0,2304.0,2290.0
2230,530.0,490.0,540.0,530.0,530.0,376.0,456.0,533.0,397.0,436.0,4196.0,4170.0,4307.0,4348.0,4334.0
2231,450.0,450.0,600.0,450.0,500.0,5.0,5.0,20.0,5.0,20.0,92.0,91.0,103.0,97.0,107.0
2232,480.0,480.0,500.0,500.0,495.0,339.0,223.0,290.0,266.0,333.0,3010.0,3016.0,3076.0,3246.0,3284.0
2233,585.0,550.0,540.0,550.0,550.0,94.0,79.0,99.0,73.0,79.0,991.0,981.0,1008.0,1045.0,1048.0
2234,630.0,665.0,600.0,630.0,695.0,51.0,62.0,58.0,53.0,82.0,829.0,823.0,820.0,815.0,821.0
2250,410.0,400.0,420.0,435.0,440.0,687.0,521.0,705.0,605.0,618.0,6533.0,6542.0,6834.0,7086.0,7108.0
2251,500.0,490.0,520.0,555.0,590.0,181.0,191.0,152.0,120.0,143.0,1789.0,1818.0,1848.0,1810.0,1795.0
2256,400.0,420.0,410.0,400.0,440.0,160.0,126.0,159.0,128.0,120.0,1824.0,1832.0,1886.0,1891.0,1884.0
2257,400.0,400.0,420.0,430.0,450.0,310.0,284.0,341.0,259.0,247.0,3672.0,3684.0,3781.0,3788.0,3753.0
2258,420.0,430.0,400.0,385.0,450.0,20.0,20.0,20.0,20.0,20.0,303.0,298.0,295.0,285.0,286.0
2259,420.0,425.0,420.0,450.0,450.0,434.0,387.0,408.0,386.0,339.0,4822.0,4891.0,5000.0,5016.0,5032.0
2260,550.0,550.0,530.0,600.0,600.0,232.0,225.0,231.0,167.0,209.0,1924.0,1952.0,2013.0,1978.0,1951.0
2261,405.0,400.0,400.0,430.0,450.0,399.0,434.0,411.0,364.0,363.0,5240.0,5280.0,5370.0,5337.0,5298.0
2262,390.0,380.0,390.0,400.0,450.0,177.0,167.0,160.0,139.0,96.0,1870.0,1890.0,1916.0,1944.0,1923.0
2263,360.0,370.0,360.0,375.0,395.0,255.0,240.0,252.0,218.0,179.0,3020.0,3066.0,3126.0,3144.0,3116.0
2264,400.0,390.0,410.0,428.0,420.0,149.0,137.0,117.0,112.0,113.0,1449.0,1472.0,1492.0,1485.0,1473.0
2265,380.0,400.0,373.0,450.0,385.0,35.0,37.0,38.0,20.0,36.0,412.0,424.0,437.0,448.0,435.0
2267,363.0,365.0,393.0,415.0,450.0,20.0,20.0,20.0,20.0,5.0,244.0,250.0,243.0,237.0,234.0
2278,450.0,450.0,450.0,450.0,450.0,5.0,5.0,5.0,5.0,5.0,78.0,76.0,76.0,76.0,74.0
2280,400.0,415.0,430.0,440.0,450.0,160.0,134.0,127.0,125.0,126.0,1825.0,1841.0,1837.0,1830.0,1826.0
2281,400.0,420.0,425.0,450.0,500.0,80.0,81.0,71.0,71.0,69.0,1008.0,1031.0,1034.0,1018.0,1025.0
2282,460.0,450.0,470.0,475.0,500.0,80.0,95.0,85.0,77.0,80.0,963.0,985.0,1019.0,1015.0,1000.0
2283,410.0,390.0,400.0,420.0,440.0,89.0,117.0,91.0,102.0,95.0,1515.0,1537.0,1549.0,1541.0,1534.0
2284,425.0,415.0,450.0,440.0,428.0,68.0,67.0,76.0,79.0,66.0,883.0,887.0,910.0,925.0,932.0
2285,420.0,440.0,445.0,483.0,450.0,191.0,221.0,187.0,166.0,204.0,2240.0,2287.0,2322.0,2331.0,2392.0
2286,420.0,450.0,435.0,480.0,400.0,20.0,20.0,20.0,20.0,20.0,233.0,232.0,235.0,241.0,242.0
2287,390.0,420.0,420.0,440.0,420.0,500.0,315.0,377.0,365.0,436.0,3465.0,3498.0,3552.0,3565.0,3649.0
2289,485.0,450.0,450.0,495.0,530.0,177.0,142.0,133.0,147.0,143.0,1591.0,1601.0,1628.0,1624.0,1629.0
2290,420.0,410.0,430.0,450.0,450.0,243.0,213.0,220.0,202.0,195.0,2511.0,2508.0,2551.0,2568.0,2533.0
2291,498.0,445.0,450.0,550.0,520.0,182.0,175.0,138.0,128.0,195.0,1481.0,1500.0,1527.0,1517.0,1516.0
2292,440.0,450.0,453.0,455.0,500.0,44.0,33.0,58.0,40.0,51.0,452.0,446.0,462.0,479.0,477.0
2293,520.0,480.0,500.0,530.0,550.0,65.0,51.0,67.0,85.0,85.0,544.0,547.0,555.0,605.0,626.0
2294,480.0,420.0,450.0,490.0,500.0,37.0,41.0,20.0,20.0,20.0,328.0,338.0,333.0,329.0,325.0
2295,510.0,500.0,483.0,520.0,530.0,56.0,74.0,58.0,54.0,76.0,676.0,684.0,690.0,689.0,702.0
2296,435.0,430.0,490.0,500.0,495.0,43.0,20.0,20.0,20.0,40.0,383.0,392.0,393.0,407.0,417.0
2297,410.0,450.0,440.0,470.0,480.0,20.0,20.0,20.0,20.0,20.0,232.0,232.0,228.0,235.0,226.0
2298,330.0,370.0,310.0,400.0,310.0,267.0,129.0,161.0,144.0,226.0,1547.0,1548.0,1573.0,1571.0,1607.0
2299,240.0,380.0,390.0,390.0,240.0,289.0,154.0,184.0,165.0,325.0,1730.0,1729.0,1771.0,1767.0,1878.0
2300,440.0,448.0,450.0,458.0,480.0,382.0,314.0,414.0,360.0,417.0,2839.0,2833.0,2979.0,3094.0,3110.0
2302,470.0,450.0,440.0,493.0,555.0,35.0,50.0,53.0,48.0,48.0,290.0,312.0,336.0,350.0,357.0
2303,460.0,470.0,460.0,490.0,510.0,117.0,91.0,93.0,110.0,109.0,1058.0,1063.0,1089.0,1086.0,1104.0
2304,400.0,400.0,375.0,390.0,370.0,215.0,182.0,214.0,204.0,249.0,2302.0,2289.0,2362.0,2365.0,2410.0
2305,460.0,433.0,445.0,460.0,495.0,126.0,96.0,98.0,99.0,113.0,1192.0,1207.0,1216.0,1192.0,1188.0
2306,450.0,370.0,450.0,380.0,450.0,5.0,20.0,75.5,20.0,5.0,180.0,183.0,826.0,190.0,186.0
2307,250.0,373.0,398.0,390.0,295.0,81.0,72.0,62.0,65.0,84.0,530.0,557.0,577.0,574.0,585.0
2311,450.0,450.0,450.0,450.0,450.0,5.0,5.0,5.0,5.0,70.5,20.0,20.0,20.0,20.0,821.0
2312,450.0,450.0,450.0,450.0,450.0,5.0,76.0,5.0,5.0,5.0,79.0,873.0,84.0,81.0,78.0
2315,420.0,420.0,410.0,445.0,450.0,153.0,136.0,182.0,100.0,109.0,1560.0,1552.0,1611.0,1595.0,1558.0
2316,450.0,410.0,435.0,435.0,550.0,32.0,20.0,20.0,20.0,20.0,352.0,358.0,351.0,346.0,344.0
2317,410.0,420.0,450.0,380.0,480.0,41.0,33.0,44.0,31.0,43.0,537.0,530.0,546.0,545.0,545.0
2318,475.0,460.0,435.0,505.0,520.0,76.0,59.0,47.0,64.0,75.0,642.0,648.0,649.0,649.0,650.0
2319,390.0,380.0,380.0,415.0,420.0,52.0,50.0,43.0,42.0,45.0,624.0,639.0,644.0,644.0,622.0
2320,385.0,390.0,390.0,420.0,440.0,250.0,228.0,270.0,246.0,211.0,2844.0,2829.0,2925.0,2934.0,2944.0
2321,440.0,430.0,430.0,440.0,450.0,127.0,136.0,135.0,135.0,105.0,1305.0,1340.0,1401.0,1462.0,1464.0
2322,420.0,415.0,425.0,428.0,460.0,129.0,117.0,127.0,158.0,129.0,1330.0,1346.0,1388.0,1461.0,1479.0
2323,375.0,390.0,400.0,410.0,410.0,203.0,185.0,195.0,166.0,143.0,2350.0,2381.0,2428.0,2413.0,2400.0
2324,350.0,360.0,363.0,378.0,390.0,153.0,147.0,144.0,130.0,111.0,1903.0,1903.0,1932.0,1928.0,1908.0
2325,340.0,325.0,350.0,350.0,350.0,230.0,201.0,201.0,189.0,183.0,2596.0,2619.0,2656.0,2634.0,2632.0
2326,350.0,330.0,355.0,350.0,350.0,20.0,40.0,36.0,31.0,20.0,434.0,438.0,446.0,444.0,434.0
2327,330.0,340.0,340.0,350.0,368.0,62.0,51.0,61.0,46.0,52.0,841.0,850.0,873.0,870.0,871.0
2328,355.0,450.0,320.0,350.0,280.0,20.0,5.0,20.0,20.0,20.0,166.0,161.0,157.0,155.0,156.0
2329,255.0,450.0,285.0,228.0,270.0,20.0,5.0,20.0,20.0,20.0,137.0,134.0,137.0,134.0,133.0
2330,380.0,390.0,380.0,400.0,400.0,163.0,153.0,157.0,125.0,139.0,1531.0,1539.0,1566.0,1553.0,1557.0
2333,380.0,360.0,340.0,380.0,360.0,148.0,199.0,163.0,154.0,166.0,1394.0,1421.0,1479.0,1486.0,1490.0
2334,370.0,360.0,380.0,450.0,450.0,20.0,20.0,20.0,5.0,5.0,199.0,196.0,207.0,200.0,197.0
2335,415.0,420.0,430.0,430.0,440.0,52.0,51.0,49.0,45.0,60.0,540.0,543.0,553.0,537.0,555.0
2336,450.0,300.0,300.0,450.0,450.0,5.0,20.0,20.0,5.0,5.0,127.0,138.0,143.0,141.0,138.0
2337,320.0,340.0,320.0,340.0,320.0,63.0,57.0,43.0,31.0,61.0,555.0,552.0,556.0,542.0,544.0
2338,450.0,280.0,450.0,450.0,450.0,81.5,20.0,5.0,5.0,5.0,871.0,75.0,80.0,82.0,80.0
2339,450.0,450.0,450.0,450.0,450.0,5.0,5.0,5.0,64.0,70.5,20.0,20.0,20.0,770.0,821.0
2340,320.0,320.0,325.0,325.0,340.0,556.0,420.0,640.0,498.0,508.0,5231.0,5164.0,5477.0,5517.0,5544.0
2341,240.0,250.0,240.0,450.0,450.0,20.0,20.0,20.0,5.0,5.0,143.0,147.0,150.0,154.0,151.0
2342,450.0,450.0,450.0,450.0,450.0,81.5,76.0,5.0,5.0,70.5,871.0,873.0,5.0,5.0,821.0
2343,265.0,260.0,260.0,268.0,305.0,33.0,34.0,36.0,34.0,20.0,355.0,365.0,371.0,364.0,359.0
2344,450.0,450.0,450.0,450.0,450.0,81.5,76.0,5.0,5.0,5.0,871.0,873.0,5.0,20.0,20.0
2345,450.0,450.0,450.0,450.0,450.0,81.5,76.0,5.0,5.0,70.5,871.0,873.0,20.0,20.0,821.0
2346,285.0,250.0,270.0,250.0,300.0,20.0,39.0,20.0,20.0,20.0,261.0,282.0,288.0,291.0,289.0
2347,450.0,210.0,450.0,450.0,210.0,5.0,20.0,5.0,5.0,20.0,99.0,112.0,114.0,109.0,112.0
2350,330.0,320.0,340.0,320.0,320.0,367.0,260.0,339.0,321.0,390.0,3185.0,3177.0,3184.0,3162.0,3166.0
2352,325.0,350.0,330.0,310.0,325.0,20.0,20.0,20.0,20.0,20.0,185.0,185.0,190.0,190.0,189.0
2353,450.0,450.0,450.0,450.0,450.0,5.0,5.0,5.0,5.0,5.0,32.0,32.0,20.0,33.0,35.0
2354,240.0,240.0,220.0,244.0,268.0,20.0,20.0,20.0,20.0,20.0,137.0,142.0,140.0,142.0,137.0
2355,450.0,450.0,450.0,450.0,450.0,81.5,76.0,5.0,5.0,70.5,871.0,873.0,20.0,20.0,821.0
2357,240.0,250.0,220.0,240.0,225.0,20.0,20.0,20.0,20.0,20.0,224.0,236.0,236.0,247.0,239.0
2358,288.0,300.0,300.0,300.0,273.0,32.0,20.0,20.0,20.0,20.0,289.0,292.0,290.0,281.0,276.0
2359,450.0,450.0,450.0,450.0,450.0,5.0,5.0,75.5,5.0,5.0,20.0,20.0,826.0,20.0,20.0
2360,310.0,290.0,310.0,315.0,310.0,152.0,150.0,155.0,120.0,134.0,1263.0,1287.0,1321.0,1300.0,1311.0
2361,450.0,450.0,450.0,450.0,450.0,81.5,76.0,5.0,5.0,5.0,871.0,873.0,39.0,36.0,39.0
2365,280.0,280.0,280.0,263.0,273.0,20.0,20.0,32.0,54.0,40.0,194.0,191.0,200.0,234.0,239.0
2369,450.0,450.0,450.0,450.0,450.0,81.5,5.0,5.0,64.0,5.0,871.0,20.0,20.0,770.0,20.0
2370,250.0,253.0,230.0,250.0,255.0,62.0,50.0,88.0,73.0,66.0,623.0,634.0,648.0,663.0,670.0
2371,450.0,450.0,450.0,450.0,450.0,5.0,5.0,5.0,5.0,5.0,34.0,35.0,35.0,38.0,38.0
2372,250.0,273.0,280.0,250.0,285.0,43.0,32.0,42.0,31.0,32.0,350.0,355.0,363.0,356.0,350.0
2380,320.0,340.0,350.0,360.0,360.0,132.0,129.0,101.0,137.0,125.0,1178.0,1200.0,1213.0,1240.0,1220.0
2381,450.0,450.0,450.0,450.0,450.0,81.5,5.0,5.0,5.0,5.0,871.0,49.0,51.0,51.0,49.0
2382,335.0,300.0,308.0,300.0,300.0,20.0,20.0,20.0,20.0,20.0,150.0,152.0,164.0,170.0,161.0
2388,450.0,450.0,450.0,450.0,450.0,5.0,5.0,5.0,5.0,5.0,124.0,123.0,124.0,127.0,126.0
2390,345.0,300.0,350.0,300.0,350.0,80.0,81.0,77.0,67.0,69.0,816.0,822.0,826.0,827.0,818.0
2395,450.0,450.0,450.0,450.0,450.0,81.5,76.0,5.0,5.0,5.0,871.0,873.0,20.0,20.0,20.0
2396,450.0,450.0,450.0,450.0,450.0,5.0,76.0,5.0,5.0,5.0,20.0,873.0,20.0,20.0,20.0
2400,280.0,270.0,250.0,245.0,255.0,96.0,106.0,155.0,80.0,112.0,917.0,930.0,991.0,983.0,992.0
2402,450.0,450.0,230.0,450.0,450.0,5.0,5.0,20.0,5.0,5.0,87.0,86.0,88.0,88.0,87.0
2403,450.0,450.0,450.0,450.0,450.0,81.5,5.0,5.0,64.0,5.0,871.0,20.0,20.0,770.0,20.0
2404,450.0,450.0,450.0,450.0,250.0,5.0,5.0,5.0,5.0,20.0,98.0,95.0,94.0,93.0,100.0
2406,450.0,450.0,450.0,450.0,450.0,5.0,76.0,5.0,5.0,5.0,20.0,873.0,34.0,32.0,31.0
2409,450.0,450.0,450.0,450.0,450.0,81.5,5.0,75.5,5.0,70.5,871.0,20.0,826.0,20.0,821.0
2415,450.0,450.0,450.0,450.0,450.0,81.5,76.0,75.5,64.0,5.0,871.0,873.0,826.0,770.0,20.0
2420,330.0,350.0,360.0,368.0,410.0,20.0,20.0,20.0,20.0,20.0,229.0,234.0,240.0,247.0,246.0
2421,450.0,450.0,450.0,450.0,450.0,5.0,5.0,5.0,5.0,5.0,31.0,20.0,33.0,35.0,37.0
2422,283.0,280.0,300.0,320.0,318.0,38.0,37.0,40.0,20.0,20.0,439.0,448.0,449.0,449.0,446.0
2423,370.0,345.0,370.0,450.0,450.0,20.0,20.0,20.0,5.0,5.0,154.0,154.0,160.0,162.0,155.0
2424,450.0,450.0,450.0,450.0,450.0,81.5,76.0,5.0,5.0,70.5,871.0,873.0,5.0,5.0,821.0
2425,450.0,450.0,450.0,450.0,450.0,5.0,5.0,5.0,5.0,5.0,69.0,70.0,74.0,75.0,74.0
2426,450.0,450.0,450.0,450.0,450.0,5.0,5.0,75.5,5.0,5.0,20.0,20.0,826.0,20.0,20.0
2427,375.0,350.0,330.0,410.0,400.0,20.0,20.0,20.0,20.0,20.0,279.0,278.0,281.0,283.0,282.0
2428,375.0,380.0,350.0,350.0,400.0,199.0,198.0,212.0,171.0,181.0,2384.0,2404.0,2428.0,2477.0,2449.0
2429,335.0,350.0,333.0,350.0,360.0,39.0,53.0,40.0,37.0,37.0,501.0,517.0,526.0,519.0,516.0
2430,350.0,340.0,350.0,350.0,350.0,234.0,246.0,228.0,209.0,180.0,2702.0,2759.0,2792.0,2821.0,2773.0
2431,310.0,360.0,325.0,320.0,395.0,56.0,64.0,49.0,31.0,41.0,541.0,543.0,548.0,548.0,546.0
2439,357.0,363.0,332.0,450.0,450.0,20.0,20.0,20.0,5.0,5.0,128.0,128.0,137.0,137.0,139.0
2440,330.0,350.0,340.0,350.0,330.0,157.0,161.0,114.0,115.0,116.0,1639.0,1681.0,1688.0,1689.0,1682.0
2441,325.0,345.0,270.0,360.0,328.0,20.0,20.0,20.0,20.0,20.0,209.0,212.0,218.0,229.0,230.0
2443,360.0,350.0,350.0,348.0,380.0,58.0,64.0,60.0,38.0,39.0,695.0,712.0,727.0,713.0,704.0
2444,400.0,395.0,400.0,430.0,450.0,584.0,513.0,507.0,516.0,496.0,5348.0,5372.0,5449.0,5531.0,5520.0
2445,445.0,440.0,435.0,440.0,455.0,33.0,39.0,32.0,45.0,40.0,369.0,379.0,381.0,388.0,395.0
2446,380.0,370.0,393.0,395.0,425.0,75.0,68.0,70.0,64.0,53.0,796.0,789.0,809.0,805.0,806.0
2447,350.0,390.0,355.0,400.0,400.0,34.0,20.0,48.0,31.0,20.0,424.0,420.0,430.0,440.0,435.0
2448,330.0,340.0,328.0,355.0,350.0,67.0,72.0,90.0,65.0,62.0,983.0,995.0,1009.0,1000.0,978.0
2449,450.0,450.0,450.0,450.0,450.0,5.0,5.0,5.0,5.0,5.0,92.0,91.0,93.0,95.0,98.0
2450,420.0,400.0,410.0,433.0,450.0,408.0,401.0,405.0,312.0,361.0,4359.0,4433.0,4514.0,4516.0,4500.0
2452,400.0,410.0,430.0,423.0,450.0,109.0,101.0,102.0,82.0,98.0,1322.0,1330.0,1353.0,1352.0,1365.0
2453,315.0,450.0,315.0,323.0,363.0,20.0,5.0,20.0,20.0,20.0,140.0,137.0,142.0,148.0,151.0
2454,400.0,405.0,360.0,415.0,470.0,47.0,40.0,37.0,20.0,20.0,456.0,465.0,471.0,459.0,450.0
2455,390.0,370.0,360.0,375.0,410.0,20.0,20.0,20.0,20.0,20.0,247.0,250.0,254.0,267.0,265.0
2456,435.0,450.0,420.0,475.0,490.0,103.0,141.0,121.0,86.0,107.0,1079.0,1108.0,1151.0,1131.0,1132.0
2460,340.0,340.0,340.0,350.0,350.0,217.0,212.0,223.0,191.0,197.0,2326.0,2340.0,2368.0,2397.0,2425.0
2462,355.0,390.0,350.0,398.0,350.0,20.0,20.0,20.0,20.0,20.0,177.0,171.0,183.0,188.0,187.0
2463,390.0,378.0,360.0,400.0,400.0,44.0,46.0,48.0,58.0,47.0,508.0,510.0,511.0,515.0,517.0
2464,420.0,400.0,420.0,460.0,490.0,97.0,125.0,97.0,87.0,78.0,815.0,829.0,819.0,830.0,811.0
2465,450.0,450.0,450.0,450.0,450.0,81.5,76.0,75.5,5.0,70.5,871.0,873.0,826.0,20.0,821.0
2466,315.0,350.0,330.0,318.0,400.0,20.0,20.0,20.0,20.0,20.0,228.0,227.0,230.0,222.0,223.0
2469,295.0,275.0,270.0,450.0,290.0,20.0,20.0,20.0,5.0,20.0,114.0,119.0,123.0,122.0,128.0
2470,320.0,320.0,338.0,350.0,360.0,70.0,98.0,68.0,69.0,81.0,1212.0,1231.0,1233.0,1221.0,1217.0
2471,450.0,450.0,450.0,450.0,450.0,5.0,5.0,5.0,5.0,5.0,114.0,116.0,119.0,110.0,111.0
2472,450.0,450.0,420.0,450.0,450.0,5.0,5.0,20.0,5.0,5.0,122.0,116.0,119.0,128.0,117.0
2473,360.0,350.0,400.0,350.0,340.0,20.0,52.0,50.0,41.0,20.0,446.0,449.0,457.0,453.0,444.0
2474,310.0,300.0,300.0,310.0,340.0,42.0,20.0,35.0,38.0,20.0,388.0,389.0,393.0,400.0,406.0
2475,450.0,450.0,450.0,450.0,450.0,81.5,76.0,75.5,5.0,70.5,871.0,873.0,826.0,20.0,821.0
2476,450.0,450.0,450.0,450.0,450.0,5.0,5.0,5.0,5.0,5.0,20.0,20.0,20.0,20.0,20.0
2477,460.0,410.0,438.0,495.0,480.0,102.0,65.0,72.0,57.0,91.0,871.0,874.0,883.0,889.0,905.0
2478,495.0,480.0,540.0,500.0,580.0,281.0,300.0,287.0,213.0,220.0,2844.0,2882.0,2975.0,2965.0,2920.0
2479,695.0,590.0,655.0,680.0,750.0,42.0,44.0,54.0,45.0,41.0,344.0,344.0,372.0,387.0,388.0
2480,350.0,363.0,370.0,365.0,390.0,315.0,300.0,278.0,260.0,287.0,3878.0,3904.0,3954.0,3946.0,3939.0
2481,670.0,600.0,675.0,750.0,790.0,165.0,182.0,211.0,139.0,133.0,1276.0,1316.0,1395.0,1412.0,1362.0
2482,550.0,520.0,650.0,625.0,650.0,33.0,39.0,52.0,20.0,33.0,502.0,505.0,534.0,540.0,532.0
2483,520.0,520.0,538.0,600.0,620.0,85.0,93.0,104.0,64.0,97.0,1036.0,1051.0,1095.0,1084.0,1073.0
2484,443.0,400.0,445.0,468.0,470.0,116.0,89.0,105.0,92.0,95.0,1296.0,1302.0,1331.0,1337.0,1325.0
2485,428.0,420.0,430.0,430.0,490.0,162.0,156.0,169.0,172.0,145.0,1995.0,2012.0,2025.0,2101.0,2111.0
2486,500.0,500.0,505.0,500.0,530.0,157.0,140.0,152.0,162.0,126.0,2006.0,2000.0,1993.0,2077.0,2046.0
2487,615.0,540.0,550.0,605.0,650.0,129.0,135.0,154.0,104.0,122.0,1227.0,1235.0,1273.0,1298.0,1277.0
2488,498.0,473.0,515.0,500.0,600.0,20.0,20.0,32.0,20.0,20.0,303.0,300.0,306.0,324.0,311.0
2489,543.0,495.0,550.0,560.0,580.0,62.0,43.0,49.0,47.0,55.0,555.0,574.0,576.0,579.0,572.0
2490,450.0,450.0,450.0,450.0,450.0,5.0,5.0,5.0,5.0,5.0,20.0,20.0,20.0,20.0,20.0
2500,440.0,400.0,430.0,455.0,460.0,1026.0,660.0,860.0,827.0,947.0,7516.0,7475.0,7648.0,7826.0,7871.0
2502,363.0,380.0,375.0,400.0,395.0,102.0,102.0,94.0,92.0,86.0,1204.0,1217.0,1240.0,1249.0,1246.0
2505,390.0,360.0,340.0,310.0,350.0,47.0,47.0,42.0,53.0,48.0,642.0,649.0,659.0,674.0,684.0
2506,435.0,423.0,420.0,450.0,420.0,40.0,40.0,33.0,20.0,20.0,455.0,450.0,467.0,467.0,465.0
2508,550.0,550.0,550.0,600.0,550.0,34.0,52.0,40.0,31.0,35.0,373.0,384.0,396.0,397.0,384.0
2515,600.0,580.0,578.0,650.0,630.0,98.0,74.0,60.0,64.0,67.0,762.0,765.0,773.0,781.0,776.0
2516,500.0,650.0,510.0,580.0,585.0,33.0,20.0,20.0,20.0,20.0,294.0,291.0,291.0,287.0,282.0
2517,470.0,460.0,460.0,550.0,520.0,71.0,60.0,69.0,58.0,67.0,762.0,772.0,780.0,765.0,772.0
2518,410.0,420.0,400.0,450.0,460.0,179.0,134.0,151.0,143.0,165.0,1830.0,1844.0,1875.0,1888.0,1899.0
2519,440.0,400.0,460.0,490.0,490.0,131.0,103.0,128.0,126.0,147.0,1478.0,1470.0,1505.0,1511.0,1522.0
2525,463.0,480.0,470.0,500.0,530.0,60.0,56.0,63.0,63.0,48.0,606.0,609.0,623.0,637.0,629.0
2526,450.0,450.0,455.0,450.0,480.0,73.0,56.0,71.0,47.0,71.0,714.0,718.0,737.0,733.0,731.0
2527,475.0,460.0,490.0,500.0,500.0,149.0,113.0,126.0,120.0,120.0,1215.0,1227.0,1283.0,1315.0,1338.0
2528,415.0,420.0,440.0,450.0,420.0,154.0,160.0,175.0,126.0,147.0,2023.0,2044.0,2089.0,2060.0,2071.0
2529,490.0,500.0,500.0,530.0,540.0,191.0,184.0,189.0,222.0,178.0,1978.0,1996.0,2033.0,2086.0,2107.0
2530,450.0,450.0,470.0,470.0,460.0,157.0,152.0,160.0,142.0,136.0,1780.0,1787.0,1847.0,1881.0,1888.0
2533,500.0,500.0,500.0,570.0,550.0,119.0,120.0,96.0,77.0,93.0,1035.0,1053.0,1072.0,1074.0,1056.0
2534,520.0,550.0,560.0,520.0,520.0,49.0,38.0,31.0,34.0,33.0,397.0,405.0,407.0,387.0,374.0
2535,440.0,500.0,520.0,510.0,520.0,39.0,39.0,38.0,38.0,39.0,349.0,358.0,368.0,373.0,380.0
2536,393.0,380.0,385.0,400.0,410.0,188.0,183.0,187.0,131.0,158.0,1746.0,1768.0,1809.0,1777.0,1770.0
2537,410.0,370.0,383.0,380.0,390.0,70.0,73.0,62.0,49.0,48.0,746.0,760.0,776.0,764.0,743.0
2538,415.0,430.0,450.0,450.0,450.0,20.0,20.0,5.0,5.0,5.0,75.0,78.0,84.0,87.0,88.0
2539,400.0,400.0,380.0,420.0,420.0,142.0,97.0,105.0,79.0,95.0,1274.0,1282.0,1308.0,1270.0,1268.0
2540,390.0,380.0,390.0,400.0,440.0,320.0,310.0,291.0,239.0,243.0,3300.0,3357.0,3406.0,3360.0,3348.0
2541,370.0,355.0,380.0,400.0,420.0,255.0,255.0,250.0,241.0,212.0,2664.0,2713.0,2783.0,2819.0,2823.0
2545,450.0,450.0,450.0,450.0,450.0,81.5,76.0,5.0,5.0,70.5,871.0,873.0,20.0,20.0,821.0
2546,360.0,350.0,355.0,350.0,400.0,75.0,64.0,62.0,52.0,52.0,658.0,677.0,697.0,712.0,704.0
2548,350.0,350.0,333.0,340.0,390.0,85.0,72.0,90.0,74.0,77.0,743.0,743.0,755.0,761.0,761.0
2549,380.0,380.0,370.0,340.0,358.0,20.0,20.0,20.0,20.0,20.0,155.0,159.0,157.0,159.0,158.0
2550,350.0,350.0,350.0,360.0,400.0,71.0,69.0,75.0,66.0,59.0,900.0,895.0,910.0,925.0,916.0
2551,340.0,350.0,343.0,350.0,395.0,20.0,20.0,20.0,20.0,20.0,277.0,281.0,298.0,289.0,287.0
2556,450.0,660.0,583.0,450.0,600.0,5.0,20.0,20.0,5.0,20.0,129.0,134.0,141.0,136.0,139.0
2557,520.0,505.0,530.0,550.0,540.0,139.0,100.0,134.0,146.0,117.0,1183.0,1221.0,1302.0,1368.0,1395.0
2558,405.0,420.0,413.0,430.0,420.0,50.0,55.0,52.0,41.0,42.0,631.0,646.0,656.0,650.0,650.0
2559,450.0,418.0,370.0,450.0,510.0,5.0,20.0,20.0,5.0,20.0,88.0,97.0,102.0,98.0,100.0
2560,390.0,390.0,390.0,400.0,400.0,745.0,698.0,710.0,596.0,597.0,7306.0,7435.0,7622.0,7676.0,7658.0
2563,450.0,450.0,450.0,450.0,450.0,81.5,5.0,75.5,64.0,70.5,871.0,33.0,826.0,770.0,821.0
2564,380.0,365.0,380.0,380.0,380.0,82.0,75.0,81.0,77.0,71.0,961.0,968.0,986.0,998.0,983.0
2565,435.0,440.0,460.0,480.0,500.0,230.0,192.0,255.0,257.0,211.0,2143.0,2176.0,2295.0,2427.0,2458.0
2566,400.0,420.0,400.0,430.0,405.0,144.0,135.0,152.0,113.0,126.0,1729.0,1746.0,1756.0,1759.0,1764.0
2567,470.0,475.0,470.0,490.0,485.0,186.0,183.0,167.0,183.0,161.0,2283.0,2295.0,2311.0,2301.0,2302.0
2569,450.0,450.0,450.0,450.0,450.0,5.0,76.0,75.5,64.0,5.0,20.0,873.0,826.0,770.0,31.0
2570,500.0,500.0,500.0,520.0,520.0,436.0,374.0,410.0,413.0,376.0,3552.0,3645.0,3809.0,3874.0,3947.0
2571,450.0,430.0,458.0,455.0,450.0,68.0,61.0,62.0,64.0,48.0,591.0,604.0,613.0,615.0,609.0
2572,485.0,470.0,450.0,450.0,450.0,20.0,20.0,31.0,20.0,20.0,230.0,232.0,254.0,260.0,266.0
2573,420.0,410.0,423.0,400.0,440.0,47.0,38.0,52.0,46.0,44.0,486.0,483.0,504.0,516.0,512.0
2574,420.0,410.0,420.0,425.0,500.0,20.0,20.0,20.0,20.0,20.0,249.0,252.0,252.0,256.0,256.0
2575,475.0,480.0,480.0,498.0,500.0,110.0,82.0,145.0,92.0,91.0,1076.0,1081.0,1137.0,1129.0,1135.0
2576,570.0,540.0,570.0,575.0,600.0,89.0,91.0,103.0,93.0,95.0,781.0,809.0,842.0,856.0,837.0
2577,450.0,450.0,450.0,500.0,530.0,120.0,78.0,84.0,88.0,87.0,897.0,906.0,934.0,957.0,937.0
2578,540.0,420.0,475.0,410.0,450.0,20.0,20.0,20.0,20.0,5.0,140.0,138.0,140.0,142.0,140.0
2579,410.0,420.0,370.0,450.0,393.0,20.0,20.0,20.0,20.0,20.0,157.0,160.0,166.0,183.0,185.0
2580,350.0,350.0,360.0,360.0,370.0,200.0,175.0,169.0,213.0,247.0,2307.0,2298.0,2300.0,2336.0,2398.0
2581,450.0,450.0,450.0,450.0,450.0,5.0,5.0,5.0,5.0,5.0,42.0,43.0,45.0,44.0,48.0
2582,410.0,395.0,395.0,445.0,430.0,37.0,48.0,49.0,36.0,68.0,501.0,517.0,518.0,542.0,557.0
2583,450.0,450.0,450.0,330.0,350.0,5.0,5.0,5.0,20.0,20.0,138.0,135.0,124.0,138.0,142.0
2584,450.0,450.0,450.0,450.0,450.0,81.5,76.0,5.0,5.0,70.5,871.0,873.0,20.0,20.0,821.0
2586,450.0,280.0,450.0,450.0,450.0,5.0,20.0,5.0,5.0,5.0,103.0,111.0,110.0,112.0,111.0
2587,270.0,450.0,270.0,450.0,450.0,20.0,5.0,20.0,5.0,5.0,107.0,108.0,115.0,114.0,116.0
2588,450.0,450.0,450.0,450.0,450.0,81.5,76.0,75.5,5.0,5.0,871.0,873.0,826.0,5.0,5.0
2590,265.0,270.0,280.0,280.0,280.0,20.0,45.0,46.0,35.0,43.0,459.0,460.0,478.0,475.0,481.0
2594,265.0,280.0,280.0,290.0,270.0,94.0,110.0,77.0,74.0,65.0,1043.0,1064.0,1068.0,1060.0,1034.0
2618,450.0,450.0,450.0,450.0,450.0,81.5,76.0,5.0,5.0,5.0,871.0,873.0,20.0,20.0,20.0
2619,635.0,580.0,570.0,650.0,650.0,46.0,41.0,45.0,33.0,44.0,380.0,385.0,392.0,384.0,387.0
2620,400.0,375.0,400.0,400.0,398.0,378.0,248.0,286.0,366.0,376.0,3981.0,3951.0,3992.0,4003.0,4012.0
2621,540.0,535.0,565.0,610.0,523.0,20.0,20.0,20.0,20.0,20.0,237.0,235.0,234.0,241.0,247.0
2622,400.0,410.0,425.0,420.0,425.0,20.0,20.0,20.0,20.0,20.0,184.0,193.0,186.0,198.0,194.0
2623,450.0,450.0,450.0,450.0,450.0,81.5,5.0,5.0,5.0,70.5,871.0,20.0,20.0,20.0,821.0
2626,450.0,450.0,450.0,450.0,450.0,81.5,76.0,75.5,5.0,5.0,871.0,873.0,826.0,5.0,5.0
2627,400.0,513.0,600.0,385.0,450.0,47.0,78.0,51.0,114.0,84.0,391.0,431.0,468.0,502.0,542.0
2628,450.0,313.0,360.0,285.0,355.0,5.0,20.0,20.0,20.0,20.0,110.0,115.0,131.0,141.0,145.0
2629,450.0,450.0,450.0,450.0,450.0,81.5,76.0,5.0,5.0,5.0,871.0,873.0,20.0,20.0,20.0
2630,325.0,320.0,350.0,380.0,400.0,78.0,77.0,114.0,64.0,112.0,700.0,716.0,770.0,770.0,814.0
2631,450.0,450.0,450.0,450.0,450.0,81.5,5.0,5.0,5.0,5.0,871.0,5.0,20.0,5.0,5.0
2632,450.0,450.0,450.0,450.0,450.0,5.0,5.0,5.0,5.0,5.0,80.0,79.0,79.0,84.0,87.0
2633,450.0,450.0,450.0,450.0,450.0,81.5,76.0,75.5,5.0,70.5,871.0,873.0,826.0,20.0,821.0
2640,320.0,300.0,320.0,335.0,335.0,493.0,389.0,385.0,385.0,436.0,3967.0,4025.0,4096.0,4094.0,4115.0
2641,270.0,275.0,275.0,298.0,290.0,196.0,198.0,161.0,154.0,212.0,2177.0,2211.0,2237.0,2220.0,2247.0
2642,300.0,350.0,340.0,360.0,450.0,20.0,20.0,20.0,20.0,5.0,144.0,147.0,149.0,152.0,148.0
2643,320.0,315.0,313.0,320.0,330.0,20.0,20.0,20.0,20.0,20.0,191.0,202.0,200.0,202.0,203.0
2644,230.0,450.0,450.0,450.0,450.0,20.0,5.0,5.0,5.0,5.0,103.0,102.0,102.0,100.0,98.0
2645,450.0,450.0,450.0,450.0,450.0,81.5,76.0,75.5,5.0,70.5,871.0,873.0,826.0,20.0,821.0
2646,250.0,255.0,250.0,260.0,270.0,63.0,42.0,37.0,20.0,54.0,521.0,530.0,537.0,525.0,534.0
2647,270.0,285.0,273.0,285.0,285.0,20.0,20.0,20.0,20.0,20.0,176.0,184.0,188.0,188.0,190.0
2648,245.0,450.0,450.0,280.0,450.0,20.0,5.0,5.0,20.0,5.0,127.0,125.0,123.0,117.0,123.0
2650,330.0,310.0,320.0,340.0,340.0,811.0,546.0,577.0,594.0,717.0,6301.0,6316.0,6458.0,6426.0,6455.0
2651,385.0,310.0,330.0,350.0,380.0,20.0,20.0,20.0,20.0,20.0,238.0,231.0,232.0,230.0,229.0
2652,285.0,275.0,450.0,290.0,450.0,20.0,20.0,5.0,20.0,5.0,114.0,117.0,115.0,122.0,120.0
2653,275.0,285.0,300.0,290.0,450.0,20.0,20.0,20.0,20.0,5.0,134.0,140.0,137.0,141.0,134.0
2655,450.0,450.0,450.0,450.0,450.0,5.0,5.0,5.0,5.0,5.0,20.0,20.0,20.0,32.0,31.0
2656,450.0,450.0,450.0,450.0,450.0,81.5,5.0,5.0,5.0,5.0,871.0,64.0,64.0,67.0,62.0
2658,450.0,450.0,450.0,450.0,450.0,5.0,5.0,5.0,5.0,5.0,62.0,61.0,61.0,61.0,59.0
2659,450.0,450.0,450.0,450.0,450.0,5.0,5.0,5.0,5.0,70.5,20.0,20.0,20.0,20.0,821.0
2660,450.0,450.0,450.0,450.0,450.0,5.0,5.0,5.0,5.0,5.0,76.0,79.0,77.0,74.0,75.0
2663,270.0,265.0,280.0,275.0,265.0,66.0,49.0,38.0,64.0,60.0,404.0,420.0,413.0,414.0,417.0
2665,450.0,450.0,450.0,450.0,450.0,5.0,5.0,5.0,5.0,5.0,33.0,35.0,37.0,37.0,36.0
2666,265.0,280.0,265.0,280.0,298.0,34.0,42.0,38.0,20.0,46.0,320.0,335.0,348.0,345.0,353.0
2669,450.0,450.0,450.0,450.0,450.0,5.0,5.0,5.0,5.0,5.0,5.0,5.0,5.0,5.0,5.0
2671,220.0,253.0,260.0,280.0,270.0,20.0,20.0,20.0,20.0,20.0,255.0,270.0,276.0,271.0,275.0
2672,450.0,450.0,450.0,450.0,450.0,5.0,76.0,5.0,5.0,5.0,70.0,873.0,70.0,67.0,67.0
2675,450.0,450.0,450.0,450.0,450.0,5.0,5.0,5.0,5.0,70.5,78.0,82.0,83.0,80.0,821.0
2680,340.0,350.0,350.0,360.0,350.0,188.0,145.0,181.0,136.0,146.0,2107.0,2111.0,2162.0,2176.0,2141.0
2681,450.0,450.0,310.0,450.0,450.0,5.0,5.0,20.0,5.0,5.0,77.0,74.0,87.0,86.0,84.0
2700,230.0,225.0,250.0,245.0,240.0,20.0,38.0,44.0,32.0,20.0,374.0,385.0,397.0,391.0,389.0
2701,250.0,450.0,283.0,450.0,450.0,20.0,5.0,20.0,5.0,5.0,101.0,105.0,108.0,107.0,107.0
2702,450.0,450.0,450.0,450.0,450.0,5.0,76.0,5.0,5.0,5.0,20.0,873.0,20.0,20.0,20.0
2703,450.0,450.0,450.0,450.0,450.0,5.0,76.0,5.0,5.0,5.0,33.0,873.0,34.0,34.0,33.0
2705,280.0,280.0,270.0,300.0,300.0,61.0,61.0,78.0,64.0,74.0,777.0,769.0,791.0,789.0,779.0
2706,450.0,450.0,450.0,450.0,450.0,5.0,5.0,5.0,5.0,5.0,88.0,86.0,85.0,81.0,80.0
2707,450.0,450.0,450.0,450.0,450.0,5.0,5.0,5.0,5.0,5.0,32.0,32.0,35.0,39.0,40.0
2710,250.0,250.0,220.0,230.0,250.0,85.0,100.0,97.0,67.0,65.0,772.0,788.0,811.0,778.0,778.0
2711,190.0,190.0,180.0,160.0,200.0,20.0,20.0,20.0,20.0,20.0,196.0,196.0,208.0,212.0,212.0
2712,450.0,450.0,450.0,200.0,450.0,5.0,5.0,5.0,20.0,5.0,66.0,71.0,77.0,86.0,75.0
2713,200.0,240.0,180.0,450.0,200.0,20.0,20.0,20.0,5.0,20.0,168.0,171.0,177.0,170.0,178.0
2714,450.0,450.0,280.0,268.0,270.0,5.0,5.0,20.0,20.0,20.0,158.0,157.0,156.0,156.0,163.0
2715,220.0,160.0,200.0,450.0,450.0,20.0,20.0,20.0,5.0,70.5,96.0,82.0,85.0,86.0,821.0
2716,450.0,450.0,450.0,450.0,450.0,5.0,5.0,75.5,5.0,5.0,53.0,49.0,826.0,50.0,50.0
2717,450.0,450.0,450.0,450.0,450.0,5.0,5.0,5.0,5.0,5.0,62.0,64.0,64.0,64.0,63.0
2720,293.0,270.0,300.0,280.0,280.0,70.0,68.0,45.0,63.0,69.0,671.0,693.0,679.0,678.0,687.0
2722,450.0,250.0,285.0,300.0,300.0,5.0,20.0,20.0,20.0,20.0,159.0,158.0,160.0,171.0,167.0
2729,450.0,450.0,450.0,450.0,450.0,5.0,5.0,5.0,5.0,5.0,55.0,58.0,59.0,59.0,58.0
2730,450.0,450.0,450.0,450.0,450.0,5.0,5.0,5.0,5.0,5.0,46.0,54.0,54.0,56.0,54.0
2731,368.0,360.0,360.0,340.0,370.0,42.0,43.0,51.0,43.0,47.0,473.0,475.0,481.0,480.0,476.0
2732,450.0,185.0,255.0,450.0,450.0,5.0,20.0,20.0,5.0,5.0,106.0,108.0,110.0,116.0,113.0
2733,450.0,450.0,450.0,450.0,450.0,81.5,76.0,75.5,5.0,70.5,871.0,873.0,826.0,20.0,821.0
2734,450.0,450.0,450.0,450.0,450.0,81.5,76.0,75.5,5.0,70.5,871.0,873.0,826.0,5.0,821.0
2737,450.0,450.0,450.0,450.0,450.0,81.5,5.0,5.0,5.0,5.0,871.0,20.0,20.0,20.0,20.0
2738,450.0,450.0,450.0,450.0,450.0,5.0,5.0,5.0,5.0,5.0,70.0,69.0,72.0,69.0,72.0
2739,120.0,450.0,450.0,130.0,450.0,34.0,76.0,75.5,20.0,5.0,107.0,873.0,826.0,93.0,87.0
2745,498.0,483.0,480.0,498.0,515.0,156.0,186.0,149.0,152.0,156.0,1880.0,1906.0,1953.0,1971.0,1987.0
2747,400.0,398.0,400.0,400.0,411.0,563.0,528.0,578.0,522.0,525.0,5442.0,5523.0,5701.0,5818.0,5877.0
2748,450.0,450.0,450.0,450.0,450.0,81.5,76.0,75.5,5.0,5.0,871.0,873.0,826.0,69.0,69.0
2749,440.0,445.0,460.0,450.0,460.0,75.0,64.0,86.0,69.0,67.0,942.0,941.0,966.0,967.0,974.0
2750,390.0,390.0,395.0,408.0,400.0,753.0,626.0,679.0,596.0,681.0,6258.0,6390.0,6636.0,6733.0,6815.0
2752,417.0,425.0,460.0,450.0,460.0,20.0,20.0,20.0,5.0,20.0,197.0,196.0,206.0,201.0,209.0
2753,410.0,400.0,440.0,430.0,440.0,134.0,122.0,129.0,96.0,137.0,1479.0,1496.0,1525.0,1537.0,1555.0
2754,400.0,425.0,433.0,425.0,445.0,55.0,45.0,52.0,37.0,50.0,515.0,514.0,532.0,536.0,540.0
2756,410.0,420.0,450.0,465.0,450.0,200.0,239.0,214.0,190.0,157.0,2261.0,2303.0,2358.0,2363.0,2356.0
2757,450.0,450.0,450.0,450.0,450.0,81.5,5.0,75.5,5.0,70.5,871.0,42.0,826.0,46.0,821.0
2758,490.0,470.0,430.0,568.0,490.0,20.0,20.0,20.0,20.0,20.0,201.0,200.0,203.0,208.0,204.0
2759,440.0,440.0,450.0,460.0,455.0,129.0,118.0,131.0,123.0,102.0,1462.0,1480.0,1519.0,1560.0,1557.0
2760,380.0,360.0,390.0,390.0,393.0,441.0,445.0,458.0,399.0,374.0,4814.0,4894.0,4998.0,5082.0,5106.0
2761,430.0,430.0,430.0,430.0,440.0,211.0,202.0,163.0,141.0,156.0,2297.0,2318.0,2363.0,2350.0,2355.0
2762,550.0,540.0,550.0,550.0,550.0,205.0,203.0,210.0,240.0,240.0,1444.0,1530.0,1663.0,1893.0,1972.0
2763,430.0,450.0,460.0,470.0,468.0,332.0,212.0,230.0,226.0,234.0,2541.0,2570.0,2632.0,2640.0,2658.0
2765,535.0,530.0,550.0,550.0,560.0,260.0,250.0,301.0,297.0,317.0,2011.0,2108.0,2320.0,2495.0,2601.0
2766,430.0,420.0,420.0,420.0,450.0,97.0,92.0,107.0,76.0,75.0,1240.0,1255.0,1295.0,1297.0,1306.0
2767,413.0,420.0,410.0,408.0,420.0,126.0,109.0,121.0,110.0,120.0,1370.0,1395.0,1427.0,1426.0,1429.0
2768,592.0,570.0,580.0,600.0,610.0,134.0,113.0,140.0,115.0,121.0,1525.0,1521.0,1543.0,1534.0,1525.0
2769,630.0,630.0,635.0,650.0,655.0,88.0,79.0,90.0,82.0,77.0,939.0,949.0,969.0,986.0,984.0
2770,340.0,330.0,340.0,340.0,340.0,487.0,445.0,569.0,421.0,437.0,5681.0,5696.0,5853.0,5862.0,5834.0
2773,500.0,490.0,515.0,550.0,550.0,20.0,20.0,20.0,20.0,20.0,246.0,248.0,258.0,251.0,250.0
2774,460.0,480.0,495.0,480.0,500.0,56.0,38.0,41.0,35.0,42.0,565.0,565.0,572.0,561.0,557.0
2775,450.0,450.0,450.0,450.0,450.0,5.0,5.0,5.0,5.0,5.0,58.0,61.0,63.0,65.0,63.0
2776,450.0,468.0,490.0,490.0,443.0,20.0,20.0,20.0,20.0,20.0,177.0,176.0,181.0,175.0,172.0
2777,460.0,450.0,450.0,460.0,490.0,85.0,59.0,71.0,50.0,69.0,839.0,840.0,856.0,854.0,856.0
2778,450.0,450.0,450.0,450.0,450.0,5.0,5.0,5.0,5.0,5.0,78.0,75.0,77.0,77.0,82.0
2779,440.0,450.0,425.0,450.0,450.0,20.0,20.0,20.0,20.0,20.0,249.0,247.0,249.0,247.0,243.0
2780,410.0,405.0,428.0,410.0,440.0,117.0,126.0,148.0,126.0,127.0,1459.0,1479.0,1522.0,1534.0,1537.0
2782,430.0,500.0,450.0,465.0,500.0,20.0,20.0,31.0,39.0,20.0,402.0,410.0,414.0,424.0,413.0
2783,410.0,425.0,450.0,420.0,450.0,20.0,20.0,5.0,20.0,20.0,187.0,193.0,192.0,189.0,189.0
2784,450.0,450.0,450.0,450.0,450.0,5.0,5.0,5.0,5.0,5.0,67.0,65.0,68.0,69.0,69.0
2785,405.0,405.0,420.0,420.0,440.0,20.0,34.0,35.0,35.0,20.0,405.0,406.0,410.0,414.0,403.0
2786,450.0,450.0,450.0,450.0,450.0,5.0,5.0,5.0,5.0,5.0,85.0,90.0,90.0,86.0,85.0
2787,300.0,320.0,300.0,305.0,330.0,31.0,41.0,46.0,34.0,20.0,336.0,339.0,353.0,358.0,359.0
2790,300.0,300.0,320.0,310.0,320.0,117.0,89.0,119.0,87.0,90.0,1254.0,1255.0,1284.0,1282.0,1259.0
2791,450.0,450.0,450.0,450.0,450.0,5.0,76.0,75.5,5.0,70.5,20.0,873.0,826.0,20.0,821.0
2792,450.0,450.0,450.0,450.0,450.0,5.0,76.0,5.0,5.0,70.5,5.0,873.0,5.0,5.0,821.0
2793,450.0,450.0,450.0,450.0,450.0,81.5,5.0,5.0,5.0,5.0,871.0,20.0,20.0,20.0,20.0
2794,260.0,270.0,260.0,280.0,275.0,83.0,73.0,82.0,67.0,71.0,831.0,854.0,876.0,875.0,880.0
2795,330.0,330.0,328.0,350.0,360.0,402.0,392.0,412.0,358.0,461.0,4089.0,4134.0,4227.0,4201.0,4246.0
2797,450.0,450.0,450.0,450.0,450.0,5.0,76.0,5.0,64.0,5.0,5.0,873.0,5.0,770.0,5.0
2798,380.0,450.0,450.0,450.0,450.0,20.0,76.0,5.0,5.0,5.0,80.0,873.0,85.0,84.0,79.0
2799,280.0,295.0,270.0,300.0,280.0,20.0,33.0,35.0,20.0,20.0,304.0,311.0,319.0,322.0,310.0
2800,350.0,350.0,370.0,390.0,400.0,469.0,446.0,456.0,429.0,461.0,4549.0,4627.0,4704.0,4718.0,4712.0
2803,450.0,450.0,450.0,450.0,450.0,81.5,76.0,5.0,5.0,70.5,871.0,873.0,5.0,5.0,821.0
2804,450.0,450.0,220.0,450.0,275.0,81.5,5.0,20.0,5.0,20.0,871.0,153.0,155.0,154.0,163.0
2805,450.0,450.0,450.0,450.0,450.0,81.5,76.0,5.0,64.0,70.5,871.0,873.0,20.0,770.0,821.0
2806,450.0,450.0,450.0,450.0,450.0,5.0,76.0,75.5,5.0,70.5,20.0,873.0,826.0,20.0,821.0
2807,450.0,450.0,450.0,450.0,450.0,81.5,5.0,5.0,5.0,5.0,871.0,20.0,20.0,20.0,20.0
2808,450.0,450.0,450.0,450.0,450.0,81.5,76.0,75.5,5.0,70.5,871.0,873.0,826.0,5.0,821.0
2810,450.0,198.0,235.0,233.0,450.0,5.0,20.0,20.0,20.0,5.0,130.0,132.0,135.0,141.0,145.0
2818,450.0,450.0,450.0,450.0,450.0,81.5,76.0,5.0,64.0,5.0,871.0,873.0,20.0,770.0,20.0
2820,280.0,280.0,300.0,265.0,310.0,62.0,82.0,83.0,46.0,70.0,521.0,559.0,569.0,563.0,562.0
2821,293.0,280.0,285.0,255.0,265.0,20.0,20.0,20.0,20.0,20.0,275.0,280.0,275.0,275.0,273.0
2823,450.0,195.0,150.0,450.0,450.0,5.0,20.0,20.0,5.0,5.0,68.0,79.0,85.0,83.0,82.0
2824,220.0,225.0,210.0,250.0,220.0,20.0,20.0,20.0,20.0,20.0,128.0,131.0,139.0,141.0,148.0
2825,250.0,450.0,220.0,230.0,280.0,20.0,76.0,20.0,20.0,20.0,142.0,873.0,154.0,158.0,167.0
2827,240.0,225.0,220.0,218.0,210.0,20.0,20.0,31.0,20.0,20.0,278.0,274.0,290.0,289.0,294.0
2828,450.0,450.0,450.0,450.0,450.0,81.5,76.0,75.5,5.0,5.0,871.0,873.0,826.0,35.0,38.0
2829,200.0,240.0,200.0,200.0,200.0,20.0,20.0,20.0,20.0,20.0,162.0,173.0,176.0,179.0,190.0
2830,340.0,330.0,345.0,350.0,350.0,424.0,414.0,427.0,369.0,429.0,4352.0,4409.0,4483.0,4517.0,4477.0
2831,450.0,450.0,450.0,450.0,450.0,5.0,5.0,5.0,5.0,5.0,41.0,45.0,48.0,51.0,51.0
2832,450.0,220.0,450.0,205.0,450.0,81.5,20.0,5.0,20.0,5.0,871.0,127.0,107.0,116.0,116.0
2833,450.0,450.0,450.0,450.0,450.0,81.5,76.0,75.5,5.0,70.5,871.0,873.0,826.0,20.0,821.0
2834,450.0,450.0,260.0,205.0,205.0,81.5,76.0,20.0,20.0,20.0,871.0,873.0,150.0,156.0,162.0
2835,220.0,200.0,220.0,195.0,215.0,71.0,64.0,59.0,128.0,59.0,539.0,548.0,552.0,620.0,617.0
2836,450.0,450.0,450.0,450.0,450.0,81.5,76.0,75.5,5.0,5.0,871.0,873.0,826.0,5.0,5.0
2839,450.0,450.0,450.0,450.0,450.0,81.5,5.0,5.0,64.0,5.0,871.0,51.0,44.0,770.0,46.0
2840,200.0,250.0,195.0,270.0,250.0,37.0,20.0,20.0,20.0,20.0,156.0,162.0,134.0,143.0,143.0
2842,450.0,450.0,450.0,450.0,450.0,5.0,76.0,5.0,64.0,5.0,20.0,873.0,20.0,770.0,20.0
2843,450.0,450.0,450.0,450.0,450.0,5.0,5.0,5.0,5.0,5.0,67.0,67.0,68.0,71.0,69.0
2844,450.0,450.0,450.0,450.0,450.0,5.0,76.0,5.0,5.0,5.0,64.0,873.0,65.0,69.0,68.0
2845,450.0,450.0,450.0,450.0,450.0,5.0,5.0,5.0,5.0,5.0,123.0,124.0,126.0,125.0,126.0
2846,450.0,450.0,450.0,450.0,450.0,81.5,76.0,75.5,5.0,70.5,871.0,873.0,826.0,5.0,821.0
2847,450.0,275.0,450.0,285.0,450.0,5.0,20.0,5.0,20.0,5.0,115.0,121.0,121.0,121.0,115.0
2848,260.0,260.0,255.0,270.0,255.0,20.0,20.0,20.0,20.0,20.0,180.0,185.0,189.0,188.0,188.0
2849,450.0,450.0,450.0,450.0,450.0,5.0,5.0,5.0,5.0,5.0,81.0,84.0,86.0,92.0,90.0
2850,380.0,380.0,420.0,420.0,450.0,189.0,199.0,203.0,162.0,163.0,1631.0,1651.0,1689.0,1662.0,1670.0
2852,330.0,340.0,350.0,370.0,355.0,37.0,20.0,20.0,20.0,20.0,265.0,257.0,259.0,251.0,261.0
2864,450.0,450.0,450.0,450.0,450.0,81.5,76.0,75.5,5.0,70.5,871.0,873.0,826.0,20.0,821.0
2865,450.0,450.0,450.0,450.0,450.0,81.5,5.0,75.5,5.0,5.0,871.0,20.0,826.0,20.0,20.0
2866,310.0,265.0,300.0,305.0,315.0,20.0,20.0,20.0,20.0,20.0,151.0,153.0,155.0,157.0,161.0
2867,450.0,450.0,450.0,450.0,450.0,81.5,76.0,5.0,5.0,5.0,871.0,873.0,5.0,5.0,20.0
2868,450.0,450.0,450.0,450.0,450.0,81.5,76.0,5.0,64.0,5.0,871.0,873.0,20.0,770.0,20.0
2869,450.0,450.0,450.0,450.0,450.0,5.0,76.0,5.0,5.0,5.0,62.0,873.0,60.0,57.0,57.0
2870,300.0,300.0,310.0,300.0,320.0,109.0,99.0,100.0,103.0,101.0,988.0,974.0,982.0,989.0,987.0
2871,268.0,275.0,280.0,270.0,300.0,74.0,87.0,73.0,53.0,68.0,702.0,714.0,733.0,731.0,722.0
2873,450.0,450.0,450.0,450.0,450.0,81.5,5.0,75.5,64.0,70.5,871.0,20.0,826.0,770.0,821.0
2875,450.0,450.0,450.0,450.0,450.0,81.5,76.0,75.5,5.0,5.0,871.0,873.0,826.0,20.0,20.0
2876,450.0,450.0,450.0,450.0,450.0,81.5,76.0,75.5,64.0,5.0,871.0,873.0,826.0,770.0,5.0
2877,250.0,245.0,250.0,450.0,220.0,20.0,20.0,20.0,5.0,20.0,200.0,199.0,211.0,203.0,204.0
2878,450.0,450.0,450.0,450.0,450.0,81.5,5.0,75.5,5.0,70.5,871.0,20.0,826.0,20.0,821.0
2879,450.0,450.0,450.0,450.0,450.0,81.5,76.0,75.5,5.0,5.0,871.0,873.0,826.0,5.0,5.0
2880,260.0,230.0,250.0,250.0,270.0,141.0,121.0,163.0,123.0,124.0,1616.0,1621.0,1656.0,1663.0,1667.0
